prediction,Age,Income,Total_Spending,NumWebPurchases,NumStorePurchases,NumWebVisitsMonth,Recency
0,68.0,58138.0,1617.0,8.0,4.0,7.0,58.0
2,71.0,46344.0,27.0,1.0,2.0,5.0,38.0
0,60.0,71613.0,776.0,8.0,10.0,4.0,26.0
3,41.0,26646.0,53.0,2.0,4.0,6.0,26.0
1,44.0,58293.0,422.0,5.0,6.0,5.0,94.0
0,58.0,62513.0,716.0,6.0,10.0,6.0,16.0
0,54.0,55635.0,590.0,7.0,7.0,6.0,34.0
3,40.0,33454.0,169.0,4.0,4.0,8.0,32.0
3,51.0,30351.0,46.0,3.0,2.0,9.0,19.0
4,75.0,5648.0,49.0,1.0,0.0,20.0,68.0
3,49.0,7500.0,61.0,2.0,3.0,8.0,59.0
1,66.0,63033.0,1102.0,3.0,8.0,2.0,82.0
2,73.0,59354.0,310.0,6.0,5.0,6.0,53.0
3,38.0,17323.0,46.0,1.0,3.0,8.0,38.0
5,79.0,82800.0,1315.0,7.0,12.0,3.0,23.0
3,45.0,41850.0,96.0,3.0,3.0,8.0,51.0
2,79.0,37760.0,317.0,4.0,6.0,7.0,20.0
0,76.0,76995.0,1782.0,11.0,9.0,5.0,91.0
3,40.0,33812.0,133.0,2.0,3.0,6.0,86.0
3,43.0,37040.0,316.0,4.0,5.0,8.0,41.0
3,46.0,2447.0,1730.0,0.0,0.0,1.0,42.0
2,76.0,58607.0,972.0,2.0,9.0,8.0,63.0
5,71.0,65324.0,544.0,6.0,9.0,4.0,0.0
0,74.0,40689.0,444.0,7.0,5.0,8.0,69.0
2,56.0,18589.0,75.0,2.0,3.0,7.0,89.0
3,49.0,53359.0,257.0,5.0,4.0,7.0,4.0
3,36.0,38360.0,131.0,2.0,4.0,3.0,26.0
1,60.0,84618.0,1672.0,6.0,10.0,2.0,96.0
3,36.0,10979.0,30.0,3.0,3.0,5.0,34.0
2,62.0,38620.0,318.0,2.0,3.0,3.0,56.0
3,55.0,40548.0,120.0,2.0,4.0,5.0,31.0
2,73.0,46610.0,302.0,4.0,6.0,6.0,8.0
5,79.0,68657.0,1196.0,3.0,9.0,7.0,4.0
2,74.0,49389.0,65.0,2.0,3.0,7.0,55.0
5,55.0,67353.0,913.0,5.0,12.0,2.0,37.0
3,49.0,23718.0,81.0,3.0,2.0,7.0,76.0
2,52.0,42429.0,67.0,1.0,3.0,5.0,99.0
0,82.0,48948.0,902.0,7.0,5.0,6.0,53.0
5,45.0,80011.0,1395.0,8.0,5.0,4.0,3.0
3,40.0,20559.0,53.0,2.0,3.0,8.0,88.0
2,68.0,21994.0,22.0,0.0,3.0,5.0,4.0
3,50.0,7500.0,31.0,2.0,3.0,5.0,19.0
1,49.0,79941.0,984.0,2.0,9.0,1.0,72.0
3,29.0,7500.0,122.0,3.0,3.0,9.0,24.0
2,57.0,41728.0,55.0,2.0,2.0,10.0,92.0
0,71.0,72550.0,1319.0,5.0,12.0,8.0,39.0
5,68.0,65486.0,507.0,4.0,10.0,2.0,29.0
5,61.0,79143.0,1693.0,6.0,13.0,3.0,2.0
3,48.0,35790.0,72.0,2.0,3.0,7.0,54.0
1,48.0,82582.0,1617.0,4.0,7.0,1.0,54.0
5,47.0,66373.0,606.0,4.0,10.0,3.0,57.0
1,70.0,82384.0,1957.0,3.0,13.0,1.0,55.0
5,59.0,70287.0,1093.0,5.0,10.0,3.0,30.0
3,37.0,27938.0,29.0,1.0,4.0,3.0,31.0
0,57.0,55954.0,518.0,8.0,6.0,7.0,63.0
5,43.0,75777.0,1438.0,3.0,11.0,1.0,12.0
5,50.0,66653.0,612.0,4.0,12.0,3.0,18.0
0,73.0,61823.0,884.0,8.0,10.0,7.0,26.0
0,74.0,67680.0,606.0,7.0,8.0,5.0,8.0
0,77.0,70666.0,1076.0,7.0,4.0,4.0,29.0
3,54.0,25721.0,34.0,1.0,2.0,7.0,75.0
3,58.0,32474.0,11.0,1.0,2.0,7.0,0.0
0,46.0,88194.0,1274.0,11.0,10.0,5.0,19.0
5,67.0,69096.0,653.0,5.0,10.0,4.0,4.0
1,55.0,74854.0,1562.0,2.0,5.0,5.0,90.0
5,71.0,66991.0,1253.0,4.0,6.0,3.0,1.0
0,66.0,65031.0,863.0,10.0,13.0,7.0,29.0
0,50.0,60631.0,661.0,9.0,8.0,7.0,88.0
2,73.0,28332.0,65.0,2.0,4.0,2.0,58.0
3,48.0,40246.0,13.0,1.0,2.0,6.0,68.0
5,53.0,75251.0,1890.0,7.0,5.0,5.0,34.0
5,49.0,75825.0,2209.0,5.0,9.0,4.0,40.0
3,49.0,26326.0,18.0,0.0,3.0,3.0,12.0
0,60.0,56046.0,692.0,10.0,8.0,8.0,9.0
3,40.0,29760.0,165.0,3.0,4.0,8.0,87.0
3,56.0,26304.0,16.0,1.0,2.0,7.0,5.0
3,52.0,23559.0,79.0,3.0,3.0,7.0,87.0
2,62.0,38620.0,318.0,2.0,3.0,3.0,56.0
5,38.0,81361.0,778.0,3.0,13.0,1.0,18.0
2,65.0,29440.0,56.0,1.0,4.0,7.0,95.0
3,55.0,36138.0,151.0,3.0,4.0,7.0,48.0
0,68.0,50388.0,372.0,6.0,6.0,7.0,3.0
1,52.0,79593.0,1366.0,5.0,7.0,2.0,70.0
2,58.0,54178.0,194.0,2.0,5.0,2.0,79.0
3,53.0,42394.0,32.0,1.0,3.0,7.0,69.0
2,55.0,23626.0,43.0,3.0,3.0,5.0,84.0
3,42.0,30096.0,45.0,2.0,3.0,6.0,30.0
0,65.0,47916.0,606.0,7.0,6.0,6.0,72.0
3,53.0,51813.0,63.0,2.0,3.0,7.0,37.0
1,74.0,78497.0,978.0,5.0,12.0,2.0,44.0
3,42.0,50150.0,410.0,5.0,7.0,5.0,32.0
3,65.0,47823.0,72.0,2.0,3.0,8.0,0.0
2,66.0,34554.0,55.0,2.0,3.0,6.0,43.0
0,46.0,85693.0,1169.0,9.0,11.0,5.0,59.0
1,80.0,65846.0,1120.0,6.0,6.0,4.0,68.0
5,66.0,87195.0,1097.0,3.0,5.0,1.0,35.0
3,46.0,24594.0,29.0,1.0,3.0,5.0,94.0
3,61.0,49096.0,187.0,4.0,4.0,7.0,15.0
0,56.0,52413.0,910.0,6.0,12.0,6.0,56.0
3,47.0,38557.0,145.0,3.0,3.0,7.0,17.0
5,65.0,89058.0,850.0,5.0,4.0,2.0,18.0
5,46.0,77298.0,969.0,6.0,11.0,3.0,46.0
0,34.0,68126.0,1820.0,7.0,5.0,9.0,40.0
0,62.0,57288.0,608.0,8.0,8.0,6.0,27.0
1,34.0,86037.0,730.0,6.0,11.0,3.0,95.0
0,45.0,43974.0,551.0,6.0,6.0,7.0,19.0
2,63.0,50785.0,114.0,2.0,3.0,6.0,27.0
5,55.0,90765.0,1724.0,4.0,5.0,1.0,25.0
0,47.0,36550.0,577.0,9.0,5.0,9.0,74.0
2,58.0,30753.0,81.0,1.0,3.0,5.0,85.0
3,56.0,21918.0,33.0,2.0,3.0,6.0,37.0
0,72.0,56129.0,660.0,6.0,10.0,4.0,65.0
3,58.0,32557.0,80.0,2.0,3.0,5.0,13.0
3,40.0,19510.0,30.0,1.0,3.0,7.0,63.0
3,49.0,30992.0,43.0,1.0,3.0,7.0,83.0
1,42.0,101970.0,1135.0,6.0,13.0,2.0,69.0
1,60.0,71488.0,559.0,3.0,7.0,1.0,87.0
5,41.0,79607.0,1923.0,3.0,6.0,1.0,37.0
2,72.0,54348.0,90.0,2.0,4.0,6.0,51.0
1,69.0,77376.0,661.0,6.0,10.0,4.0,72.0
0,73.0,62998.0,463.0,5.0,5.0,5.0,10.0
0,67.0,61331.0,632.0,11.0,6.0,8.0,42.0
5,56.0,73448.0,725.0,7.0,9.0,4.0,10.0
2,61.0,41551.0,279.0,5.0,5.0,8.0,51.0
5,58.0,62981.0,1482.0,4.0,13.0,3.0,21.0
3,49.0,9548.0,29.0,1.0,3.0,8.0,31.0
2,66.0,33762.0,106.0,2.0,2.0,8.0,61.0
3,52.0,35860.0,49.0,1.0,2.0,5.0,37.0
2,60.0,36921.0,38.0,2.0,3.0,7.0,74.0
5,33.0,92859.0,2077.0,5.0,12.0,2.0,46.0
5,49.0,65104.0,1053.0,3.0,7.0,7.0,4.0
1,63.0,86111.0,1385.0,5.0,10.0,2.0,73.0
0,51.0,68352.0,871.0,8.0,9.0,6.0,47.0
3,37.0,41883.0,312.0,4.0,3.0,7.0,13.0
3,49.0,59809.0,877.0,3.0,6.0,8.0,36.0
3,50.0,23957.0,68.0,2.0,3.0,6.0,47.0
3,44.0,38547.0,22.0,1.0,2.0,8.0,49.0
2,52.0,35688.0,211.0,4.0,4.0,8.0,94.0
2,59.0,49605.0,127.0,2.0,4.0,3.0,65.0
2,72.0,59354.0,459.0,4.0,7.0,3.0,59.0
0,56.0,65747.0,460.0,8.0,6.0,6.0,96.0
0,53.0,46344.0,429.0,7.0,5.0,7.0,28.0
3,37.0,34176.0,89.0,3.0,4.0,6.0,12.0
0,73.0,61010.0,1021.0,8.0,11.0,5.0,57.0
0,76.0,69372.0,1381.0,10.0,6.0,4.0,10.0
0,67.0,49967.0,306.0,6.0,5.0,7.0,4.0
3,47.0,60199.0,18.0,0.0,3.0,4.0,49.0
5,48.0,55375.0,162.0,1.0,6.0,2.0,3.0
1,70.0,80317.0,1231.0,3.0,10.0,1.0,64.0
3,67.0,30523.0,13.0,1.0,2.0,7.0,0.0
0,80.0,70356.0,1706.0,10.0,9.0,6.0,20.0
3,41.0,23228.0,121.0,3.0,4.0,8.0,91.0
5,50.0,74165.0,1293.0,5.0,10.0,2.0,9.0
1,52.0,157243.0,1608.0,0.0,0.0,0.0,98.0
2,59.0,43482.0,88.0,2.0,4.0,6.0,83.0
2,72.0,62551.0,421.0,6.0,4.0,3.0,27.0
2,66.0,52332.0,259.0,3.0,6.0,4.0,63.0
5,37.0,66951.0,1117.0,3.0,7.0,1.0,46.0
2,68.0,26091.0,89.0,2.0,3.0,5.0,84.0
2,60.0,33456.0,36.0,1.0,3.0,7.0,58.0
3,43.0,28718.0,57.0,2.0,3.0,8.0,78.0
3,55.0,50447.0,148.0,3.0,3.0,6.0,4.0
2,66.0,53537.0,93.0,2.0,3.0,5.0,17.0
2,58.0,52074.0,119.0,2.0,2.0,4.0,77.0
0,50.0,80427.0,1835.0,11.0,8.0,5.0,56.0
1,77.0,83837.0,1318.0,9.0,5.0,4.0,79.0
2,55.0,38853.0,45.0,2.0,3.0,7.0,90.0
2,66.0,38285.0,10.0,0.0,3.0,2.0,96.0
1,74.0,78497.0,978.0,5.0,12.0,2.0,44.0
2,49.0,51650.0,191.0,4.0,4.0,5.0,81.0
3,37.0,16248.0,57.0,2.0,3.0,6.0,77.0
5,79.0,66835.0,1033.0,6.0,13.0,2.0,21.0
3,41.0,30477.0,66.0,1.0,3.0,6.0,16.0
2,64.0,28249.0,43.0,2.0,3.0,6.0,80.0
3,42.0,25271.0,50.0,1.0,2.0,9.0,45.0
2,55.0,32303.0,39.0,1.0,4.0,5.0,63.0
0,59.0,61286.0,608.0,7.0,8.0,5.0,34.0
5,49.0,74068.0,1581.0,4.0,9.0,2.0,14.0
3,61.0,45759.0,68.0,2.0,3.0,7.0,13.0
3,47.0,24882.0,80.0,1.0,2.0,6.0,52.0
1,36.0,66973.0,1282.0,8.0,12.0,3.0,98.0
2,125.0,36640.0,65.0,2.0,2.0,5.0,99.0
3,37.0,38872.0,91.0,3.0,3.0,8.0,93.0
3,52.0,51148.0,315.0,5.0,6.0,6.0,38.0
3,48.0,31353.0,31.0,1.0,2.0,8.0,24.0
1,45.0,69661.0,834.0,7.0,12.0,3.0,80.0
1,71.0,80067.0,1600.0,4.0,6.0,2.0,82.0
5,71.0,86718.0,1270.0,5.0,5.0,2.0,20.0
2,52.0,46854.0,263.0,5.0,3.0,8.0,81.0
0,73.0,69142.0,535.0,8.0,7.0,5.0,50.0
1,57.0,75922.0,1295.0,4.0,9.0,1.0,60.0
0,47.0,63693.0,1150.0,11.0,9.0,6.0,63.0
1,48.0,102160.0,1240.0,7.0,10.0,4.0,54.0
2,60.0,40637.0,38.0,1.0,3.0,7.0,72.0
3,41.0,18890.0,35.0,0.0,2.0,6.0,5.0
3,37.0,29604.0,53.0,1.0,3.0,9.0,88.0
2,62.0,48721.0,293.0,4.0,5.0,6.0,50.0
2,59.0,44794.0,65.0,2.0,3.0,6.0,99.0
0,71.0,64497.0,1804.0,11.0,9.0,8.0,17.0
2,69.0,46097.0,241.0,3.0,6.0,4.0,11.0
5,71.0,77972.0,1101.0,4.0,9.0,1.0,18.0
2,57.0,44377.0,264.0,5.0,5.0,8.0,70.0
0,51.0,46014.0,541.0,7.0,8.0,7.0,21.0
1,40.0,70951.0,1198.0,3.0,9.0,1.0,66.0
0,48.0,41443.0,482.0,8.0,5.0,8.0,79.0
3,47.0,52195.0,17.0,1.0,2.0,8.0,2.0
1,77.0,83790.0,1615.0,8.0,6.0,3.0,81.0
2,71.0,44551.0,285.0,4.0,5.0,7.0,24.0
0,45.0,69508.0,1135.0,11.0,11.0,6.0,48.0
3,37.0,45204.0,114.0,1.0,4.0,3.0,93.0
1,56.0,72460.0,1047.0,3.0,7.0,1.0,56.0
5,55.0,77622.0,714.0,6.0,11.0,3.0,3.0
3,45.0,30732.0,185.0,4.0,4.0,8.0,44.0
0,63.0,63887.0,1245.0,9.0,12.0,6.0,38.0
3,47.0,42011.0,189.0,3.0,4.0,8.0,46.0
0,49.0,51369.0,576.0,8.0,4.0,8.0,84.0
0,73.0,51537.0,1103.0,2.0,11.0,8.0,27.0
1,53.0,79930.0,1753.0,3.0,8.0,2.0,72.0
3,39.0,34320.0,17.0,1.0,2.0,8.0,66.0
0,59.0,37070.0,433.0,5.0,8.0,7.0,30.0
0,63.0,81975.0,1588.0,6.0,4.0,7.0,2.0
3,54.0,38590.0,22.0,1.0,2.0,8.0,65.0
2,74.0,15033.0,19.0,1.0,3.0,3.0,37.0
1,60.0,62745.0,1117.0,7.0,11.0,5.0,89.0
3,50.0,22212.0,69.0,2.0,4.0,6.0,49.0
3,43.0,23661.0,23.0,1.0,3.0,7.0,46.0
5,67.0,79761.0,605.0,5.0,11.0,3.0,32.0
3,52.0,7500.0,57.0,3.0,3.0,7.0,54.0
2,132.0,60182.0,22.0,1.0,2.0,4.0,23.0
1,57.0,73455.0,2088.0,6.0,10.0,3.0,98.0
1,67.0,64961.0,1009.0,6.0,4.0,3.0,97.0
3,54.0,22804.0,26.0,2.0,2.0,9.0,75.0
5,35.0,73687.0,1627.0,3.0,9.0,2.0,8.0
0,67.0,61074.0,1102.0,11.0,8.0,7.0,37.0
2,61.0,31686.0,17.0,1.0,3.0,6.0,31.0
5,53.0,80134.0,1690.0,5.0,6.0,6.0,40.0
0,72.0,75027.0,1390.0,9.0,6.0,5.0,74.0
1,37.0,67546.0,2126.0,4.0,5.0,3.0,90.0
0,56.0,65176.0,1531.0,9.0,6.0,6.0,57.0
3,50.0,31160.0,64.0,2.0,3.0,8.0,59.0
3,40.0,29938.0,26.0,1.0,3.0,6.0,52.0
5,51.0,102692.0,1112.0,6.0,13.0,2.0,5.0
2,67.0,26490.0,210.0,3.0,5.0,6.0,92.0
0,58.0,75702.0,1148.0,4.0,11.0,8.0,77.0
3,51.0,30899.0,33.0,1.0,3.0,6.0,35.0
0,64.0,63342.0,1101.0,8.0,5.0,6.0,48.0
2,61.0,45989.0,322.0,3.0,7.0,3.0,97.0
2,61.0,18701.0,44.0,2.0,4.0,5.0,95.0
2,68.0,40737.0,17.0,1.0,2.0,8.0,24.0
3,46.0,15287.0,31.0,1.0,2.0,7.0,60.0
0,57.0,69674.0,845.0,10.0,10.0,5.0,46.0
2,55.0,44159.0,275.0,4.0,6.0,5.0,85.0
3,47.0,37717.0,25.0,1.0,2.0,9.0,31.0
2,73.0,43776.0,275.0,5.0,4.0,8.0,9.0
3,59.0,38179.0,90.0,3.0,3.0,7.0,30.0
1,62.0,80124.0,1495.0,3.0,8.0,1.0,47.0
2,55.0,38097.0,184.0,3.0,2.0,7.0,70.0
5,55.0,72940.0,981.0,3.0,6.0,1.0,13.0
3,55.0,22070.0,67.0,2.0,2.0,6.0,11.0
0,72.0,69267.0,1635.0,3.0,5.0,7.0,31.0
3,42.0,31788.0,60.0,3.0,4.0,5.0,15.0
3,50.0,61905.0,231.0,4.0,4.0,5.0,2.0
2,65.0,29315.0,48.0,2.0,4.0,6.0,55.0
2,62.0,33378.0,99.0,2.0,4.0,7.0,38.0
1,62.0,66313.0,770.0,6.0,12.0,4.0,86.0
0,69.0,60714.0,957.0,7.0,10.0,5.0,56.0
5,44.0,77882.0,818.0,3.0,5.0,1.0,29.0
5,39.0,69867.0,925.0,3.0,8.0,1.0,30.0
0,57.0,63841.0,908.0,9.0,9.0,6.0,64.0
3,44.0,24480.0,102.0,3.0,4.0,7.0,46.0
0,49.0,51369.0,576.0,8.0,4.0,8.0,84.0
2,79.0,37760.0,317.0,4.0,6.0,7.0,20.0
1,51.0,65640.0,461.0,5.0,8.0,2.0,74.0
3,50.0,44319.0,37.0,2.0,3.0,5.0,18.0
3,51.0,30631.0,70.0,3.0,2.0,7.0,75.0
5,73.0,75278.0,930.0,6.0,13.0,3.0,17.0
1,69.0,50898.0,859.0,6.0,12.0,5.0,88.0
5,59.0,79946.0,1478.0,5.0,5.0,3.0,19.0
2,76.0,35416.0,390.0,7.0,5.0,8.0,62.0
3,41.0,32414.0,52.0,1.0,3.0,7.0,11.0
2,56.0,38361.0,137.0,3.0,3.0,7.0,74.0
5,45.0,82497.0,1919.0,2.0,9.0,4.0,32.0
3,54.0,16626.0,68.0,3.0,3.0,9.0,76.0
3,60.0,29672.0,25.0,0.0,3.0,6.0,6.0
0,73.0,55951.0,1374.0,3.0,11.0,8.0,62.0
3,37.0,35388.0,32.0,1.0,3.0,7.0,20.0
3,39.0,42386.0,100.0,3.0,3.0,8.0,43.0
5,43.0,68627.0,825.0,2.0,6.0,1.0,45.0
0,60.0,57912.0,916.0,8.0,12.0,5.0,34.0
2,67.0,35246.0,62.0,3.0,3.0,5.0,53.0
0,69.0,58821.0,728.0,9.0,9.0,6.0,44.0
2,47.0,46377.0,90.0,2.0,3.0,4.0,89.0
3,37.0,39747.0,273.0,5.0,4.0,8.0,43.0
3,41.0,23976.0,66.0,3.0,3.0,7.0,68.0
1,64.0,80950.0,1213.0,6.0,9.0,2.0,44.0
3,59.0,27038.0,107.0,3.0,3.0,9.0,64.0
1,78.0,77457.0,1157.0,2.0,10.0,1.0,85.0
0,61.0,64100.0,546.0,8.0,6.0,7.0,93.0
3,33.0,42670.0,241.0,4.0,4.0,4.0,12.0
3,49.0,12571.0,53.0,3.0,3.0,6.0,86.0
3,58.0,22574.0,37.0,2.0,3.0,7.0,28.0
5,49.0,70893.0,1508.0,6.0,10.0,3.0,42.0
2,59.0,54198.0,235.0,3.0,6.0,4.0,13.0
2,69.0,28839.0,32.0,2.0,3.0,5.0,86.0
3,53.0,40321.0,102.0,3.0,3.0,7.0,59.0
5,40.0,66503.0,401.0,4.0,6.0,3.0,30.0
2,74.0,30833.0,28.0,1.0,3.0,5.0,33.0
5,54.0,64795.0,680.0,3.0,12.0,2.0,23.0
3,51.0,34421.0,30.0,1.0,2.0,7.0,81.0
3,60.0,47025.0,20.0,1.0,2.0,7.0,6.0
0,64.0,64325.0,1307.0,10.0,5.0,7.0,41.0
0,72.0,40464.0,630.0,8.0,8.0,8.0,78.0
1,68.0,62187.0,1283.0,4.0,5.0,3.0,49.0
3,49.0,14849.0,65.0,2.0,4.0,8.0,39.0
3,41.0,27255.0,37.0,1.0,3.0,7.0,3.0
2,75.0,54432.0,38.0,1.0,3.0,4.0,37.0
3,39.0,29999.0,160.0,3.0,4.0,8.0,22.0
3,42.0,24072.0,23.0,1.0,2.0,8.0,79.0
3,36.0,33996.0,71.0,1.0,3.0,4.0,46.0
0,69.0,66334.0,1161.0,9.0,5.0,5.0,82.0
3,54.0,35178.0,59.0,1.0,2.0,7.0,10.0
3,42.0,22010.0,33.0,2.0,3.0,8.0,51.0
5,65.0,62204.0,946.0,4.0,12.0,3.0,38.0
0,57.0,75693.0,1442.0,11.0,6.0,4.0,10.0
3,53.0,30675.0,62.0,1.0,3.0,8.0,14.0
5,60.0,83003.0,1674.0,7.0,8.0,3.0,18.0
1,126.0,83532.0,1853.0,4.0,4.0,1.0,36.0
1,37.0,68655.0,1538.0,4.0,11.0,3.0,95.0
3,39.0,41411.0,139.0,2.0,4.0,6.0,11.0
0,56.0,55212.0,1182.0,4.0,11.0,8.0,65.0
1,75.0,59292.0,507.0,3.0,8.0,3.0,71.0
3,52.0,27190.0,18.0,1.0,2.0,8.0,13.0
1,73.0,82623.0,940.0,2.0,4.0,1.0,58.0
2,60.0,44300.0,42.0,1.0,3.0,6.0,65.0
5,55.0,84835.0,1190.0,4.0,6.0,1.0,0.0
3,54.0,30372.0,44.0,2.0,3.0,7.0,33.0
3,49.0,33181.0,16.0,1.0,2.0,6.0,90.0
1,68.0,71113.0,835.0,6.0,9.0,4.0,95.0
1,39.0,71952.0,1443.0,8.0,8.0,4.0,93.0
5,59.0,69759.0,1029.0,4.0,5.0,3.0,38.0
5,51.0,72099.0,1188.0,3.0,10.0,1.0,18.0
0,49.0,60000.0,1277.0,11.0,5.0,6.0,57.0
3,47.0,38643.0,49.0,2.0,3.0,7.0,45.0
2,70.0,50737.0,99.0,2.0,4.0,6.0,61.0
5,56.0,68462.0,1670.0,3.0,8.0,1.0,6.0
1,82.0,65073.0,900.0,5.0,5.0,2.0,65.0
2,77.0,46681.0,425.0,4.0,4.0,5.0,52.0
1,68.0,78618.0,2153.0,4.0,10.0,2.0,87.0
5,56.0,62187.0,636.0,6.0,10.0,4.0,38.0
3,47.0,28442.0,57.0,2.0,4.0,4.0,53.0
3,47.0,37717.0,25.0,1.0,2.0,9.0,31.0
0,58.0,51479.0,494.0,6.0,6.0,7.0,67.0
0,56.0,54803.0,693.0,6.0,9.0,4.0,65.0
1,65.0,79530.0,1348.0,4.0,11.0,2.0,64.0
3,49.0,31615.0,51.0,2.0,3.0,7.0,82.0
5,63.0,72025.0,1932.0,4.0,8.0,3.0,27.0
3,50.0,52614.0,990.0,2.0,8.0,8.0,63.0
3,41.0,35684.0,30.0,1.0,3.0,6.0,66.0
3,50.0,48178.0,254.0,5.0,4.0,8.0,69.0
2,55.0,29548.0,29.0,1.0,2.0,4.0,52.0
0,59.0,63810.0,1371.0,4.0,12.0,8.0,45.0
3,53.0,38578.0,73.0,3.0,3.0,8.0,2.0
3,50.0,46098.0,120.0,3.0,2.0,8.0,86.0
3,55.0,22585.0,81.0,1.0,2.0,9.0,23.0
3,36.0,30279.0,37.0,1.0,3.0,8.0,13.0
5,64.0,66426.0,1377.0,3.0,10.0,6.0,14.0
2,56.0,30822.0,51.0,1.0,3.0,7.0,92.0
3,56.0,33581.0,17.0,1.0,2.0,8.0,38.0
3,40.0,19986.0,22.0,0.0,3.0,7.0,74.0
2,71.0,27421.0,324.0,4.0,6.0,7.0,14.0
2,52.0,35688.0,211.0,4.0,4.0,8.0,94.0
3,44.0,36143.0,19.0,0.0,2.0,3.0,33.0
3,54.0,10245.0,41.0,1.0,2.0,5.0,32.0
0,57.0,43795.0,492.0,7.0,4.0,7.0,11.0
1,65.0,63381.0,1005.0,4.0,13.0,2.0,78.0
2,76.0,38823.0,114.0,2.0,3.0,6.0,56.0
1,57.0,83664.0,1173.0,2.0,12.0,5.0,57.0
5,46.0,90300.0,1738.0,5.0,8.0,1.0,7.0
5,46.0,62499.0,222.0,3.0,6.0,4.0,0.0
1,32.0,74293.0,1127.0,5.0,6.0,2.0,66.0
2,79.0,51012.0,209.0,4.0,4.0,6.0,86.0
1,57.0,70777.0,787.0,5.0,12.0,3.0,80.0
5,34.0,68682.0,1598.0,4.0,10.0,2.0,56.0
3,54.0,43824.0,186.0,3.0,4.0,8.0,18.0
3,41.0,15345.0,47.0,1.0,2.0,8.0,51.0
3,38.0,23442.0,27.0,1.0,3.0,7.0,71.0
3,45.0,14515.0,96.0,2.0,3.0,7.0,71.0
2,69.0,31395.0,64.0,2.0,3.0,6.0,80.0
0,60.0,75276.0,1040.0,9.0,9.0,5.0,2.0
2,51.0,42373.0,163.0,2.0,5.0,5.0,83.0
2,65.0,30507.0,343.0,5.0,4.0,7.0,29.0
0,70.0,55521.0,446.0,6.0,6.0,7.0,11.0
2,60.0,48006.0,41.0,1.0,3.0,6.0,55.0
3,53.0,27213.0,70.0,2.0,4.0,8.0,19.0
5,54.0,65808.0,272.0,5.0,5.0,6.0,1.0
3,51.0,30351.0,46.0,3.0,2.0,9.0,19.0
0,62.0,50437.0,490.0,7.0,8.0,7.0,28.0
3,43.0,23616.0,79.0,3.0,3.0,8.0,76.0
5,49.0,53858.0,915.0,4.0,6.0,4.0,50.0
0,70.0,66465.0,1485.0,11.0,12.0,6.0,1.0
3,38.0,46923.0,369.0,5.0,7.0,7.0,90.0
1,63.0,75072.0,1073.0,5.0,8.0,3.0,83.0
1,82.0,75865.0,1242.0,3.0,10.0,1.0,73.0
3,50.0,19789.0,78.0,2.0,3.0,5.0,24.0
5,31.0,80134.0,1378.0,2.0,11.0,5.0,11.0
5,44.0,91065.0,1474.0,7.0,9.0,3.0,33.0
0,54.0,49505.0,751.0,10.0,8.0,8.0,4.0
3,52.0,37401.0,48.0,2.0,3.0,7.0,14.0
3,42.0,30096.0,45.0,2.0,3.0,6.0,30.0
3,43.0,18492.0,10.0,1.0,2.0,8.0,75.0
5,51.0,82584.0,1435.0,3.0,8.0,1.0,26.0
1,84.0,93027.0,2119.0,7.0,5.0,2.0,77.0
2,72.0,48686.0,20.0,1.0,2.0,8.0,8.0
5,39.0,92910.0,1795.0,6.0,13.0,1.0,42.0
5,36.0,75433.0,1188.0,2.0,10.0,6.0,28.0
3,36.0,10404.0,43.0,1.0,4.0,5.0,52.0
5,57.0,61314.0,1008.0,5.0,12.0,3.0,1.0
5,64.0,84865.0,1688.0,2.0,9.0,4.0,1.0
0,36.0,42387.0,684.0,8.0,7.0,8.0,42.0
0,58.0,67309.0,1082.0,9.0,9.0,7.0,76.0
5,61.0,75236.0,1068.0,8.0,13.0,4.0,27.0
3,55.0,30015.0,57.0,1.0,4.0,5.0,28.0
2,69.0,50943.0,46.0,1.0,3.0,5.0,49.0
5,59.0,67272.0,733.0,6.0,12.0,5.0,12.0
0,76.0,51529.0,467.0,9.0,5.0,8.0,14.0
2,54.0,32011.0,122.0,2.0,4.0,7.0,89.0
3,39.0,7500.0,36.0,2.0,3.0,8.0,96.0
3,36.0,28691.0,34.0,1.0,3.0,8.0,56.0
2,77.0,56223.0,156.0,2.0,5.0,4.0,72.0
2,79.0,18100.0,14.0,0.0,3.0,5.0,14.0
3,36.0,30279.0,37.0,1.0,3.0,8.0,13.0
3,51.0,20130.0,34.0,1.0,3.0,8.0,99.0
2,66.0,23295.0,20.0,1.0,2.0,8.0,72.0
2,53.0,42618.0,192.0,5.0,4.0,8.0,92.0
1,61.0,81246.0,1379.0,4.0,7.0,1.0,87.0
3,49.0,24027.0,48.0,2.0,3.0,8.0,7.0
1,72.0,55707.0,428.0,3.0,9.0,3.0,91.0
1,70.0,57959.0,868.0,4.0,11.0,3.0,71.0
0,56.0,56796.0,1001.0,8.0,7.0,7.0,24.0
3,54.0,36230.0,59.0,2.0,4.0,5.0,17.0
1,45.0,70829.0,431.0,4.0,8.0,3.0,87.0
0,49.0,65991.0,971.0,9.0,10.0,7.0,21.0
2,53.0,38988.0,348.0,5.0,6.0,8.0,90.0
1,59.0,89572.0,2059.0,7.0,9.0,4.0,44.0
3,41.0,42207.0,265.0,4.0,5.0,6.0,71.0
2,73.0,50300.0,270.0,2.0,8.0,2.0,52.0
1,43.0,66664.0,1289.0,5.0,6.0,3.0,78.0
5,61.0,60597.0,893.0,2.0,8.0,7.0,2.0
1,76.0,70165.0,926.0,3.0,11.0,1.0,60.0
2,67.0,50520.0,135.0,3.0,3.0,6.0,25.0
1,62.0,80124.0,1495.0,3.0,8.0,1.0,47.0
3,50.0,33183.0,120.0,4.0,3.0,7.0,46.0
1,56.0,66582.0,1288.0,2.0,9.0,1.0,83.0
5,70.0,75261.0,1743.0,5.0,5.0,2.0,17.0
3,55.0,31880.0,15.0,1.0,2.0,8.0,13.0
0,74.0,53790.0,542.0,7.0,8.0,6.0,86.0
0,54.0,49269.0,890.0,7.0,12.0,7.0,92.0
5,50.0,61456.0,1388.0,6.0,13.0,4.0,47.0
3,45.0,37406.0,17.0,1.0,2.0,8.0,18.0
0,44.0,56937.0,906.0,8.0,9.0,6.0,81.0
3,47.0,38415.0,44.0,1.0,3.0,7.0,91.0
3,37.0,20518.0,25.0,1.0,2.0,5.0,58.0
0,69.0,62503.0,973.0,8.0,11.0,5.0,40.0
2,53.0,41644.0,31.0,1.0,3.0,3.0,67.0
0,48.0,55842.0,518.0,7.0,8.0,5.0,19.0
1,53.0,62010.0,530.0,6.0,7.0,5.0,93.0
0,48.0,41124.0,506.0,7.0,4.0,8.0,41.0
3,52.0,38961.0,70.0,2.0,2.0,7.0,60.0
3,53.0,37760.0,54.0,2.0,3.0,6.0,54.0
3,51.0,32233.0,296.0,6.0,2.0,9.0,26.0
3,50.0,43057.0,266.0,4.0,5.0,5.0,30.0
1,65.0,83151.0,747.0,5.0,4.0,3.0,93.0
5,61.0,78825.0,895.0,5.0,13.0,3.0,35.0
5,49.0,65104.0,1053.0,3.0,7.0,7.0,4.0
0,51.0,60093.0,735.0,7.0,10.0,6.0,92.0
3,56.0,14045.0,20.0,1.0,3.0,7.0,24.0
2,73.0,28457.0,205.0,4.0,4.0,8.0,96.0
5,67.0,78952.0,2092.0,2.0,12.0,6.0,11.0
2,49.0,46310.0,309.0,6.0,5.0,8.0,99.0
1,70.0,76005.0,1722.0,3.0,13.0,6.0,72.0
2,61.0,58308.0,900.0,2.0,3.0,8.0,77.0
0,81.0,55614.0,682.0,9.0,6.0,7.0,85.0
1,63.0,59432.0,663.0,5.0,11.0,5.0,88.0
3,47.0,55563.0,43.0,2.0,3.0,3.0,22.0
1,54.0,78642.0,1816.0,4.0,4.0,6.0,83.0
1,76.0,67911.0,976.0,6.0,11.0,3.0,63.0
5,81.0,65275.0,746.0,4.0,13.0,2.0,9.0
2,75.0,27203.0,64.0,1.0,2.0,8.0,92.0
2,64.0,48330.0,32.0,1.0,3.0,5.0,2.0
3,35.0,24279.0,263.0,4.0,3.0,8.0,6.0
0,40.0,64355.0,1445.0,4.0,12.0,8.0,66.0
2,69.0,50943.0,46.0,1.0,3.0,5.0,49.0
0,72.0,53653.0,1210.0,10.0,12.0,6.0,29.0
1,49.0,65665.0,945.0,5.0,8.0,3.0,77.0
1,36.0,81217.0,1157.0,3.0,11.0,1.0,77.0
3,33.0,34935.0,137.0,2.0,4.0,7.0,71.0
0,66.0,61250.0,730.0,5.0,12.0,5.0,49.0
3,44.0,39665.0,216.0,4.0,3.0,7.0,97.0
5,46.0,60152.0,943.0,6.0,12.0,3.0,6.0
2,61.0,48920.0,347.0,6.0,5.0,7.0,93.0
1,66.0,89120.0,1924.0,5.0,7.0,1.0,78.0
2,79.0,44124.0,397.0,6.0,5.0,8.0,62.0
1,50.0,81169.0,2089.0,5.0,9.0,2.0,47.0
3,64.0,36443.0,138.0,3.0,3.0,8.0,9.0
3,35.0,26095.0,42.0,1.0,3.0,7.0,77.0
5,66.0,71367.0,777.0,4.0,7.0,2.0,24.0
5,81.0,80184.0,1902.0,6.0,10.0,3.0,19.0
2,60.0,30630.0,52.0,2.0,3.0,7.0,67.0
1,38.0,73454.0,1651.0,2.0,6.0,5.0,95.0
3,34.0,42691.0,358.0,5.0,6.0,5.0,48.0
1,72.0,70503.0,1727.0,2.0,9.0,6.0,73.0
3,38.0,25545.0,210.0,2.0,3.0,6.0,35.0
3,39.0,32880.0,42.0,1.0,3.0,8.0,76.0
5,67.0,77863.0,1291.0,4.0,10.0,2.0,20.0
2,48.0,50353.0,442.0,4.0,6.0,3.0,72.0
0,61.0,61839.0,1895.0,4.0,4.0,8.0,20.0
2,65.0,49154.0,411.0,4.0,8.0,6.0,69.0
2,50.0,47682.0,521.0,4.0,8.0,5.0,80.0
1,56.0,72679.0,1168.0,4.0,5.0,1.0,65.0
0,48.0,57954.0,493.0,8.0,6.0,7.0,52.0
2,63.0,65316.0,260.0,3.0,5.0,4.0,65.0
3,43.0,28567.0,46.0,2.0,3.0,6.0,57.0
2,74.0,47352.0,319.0,6.0,5.0,7.0,70.0
3,58.0,44931.0,96.0,2.0,3.0,5.0,0.0
0,58.0,76982.0,1062.0,8.0,4.0,4.0,19.0
2,73.0,57247.0,232.0,2.0,7.0,2.0,50.0
3,44.0,22944.0,76.0,3.0,3.0,7.0,67.0
3,48.0,25315.0,54.0,3.0,3.0,8.0,46.0
3,56.0,43638.0,201.0,4.0,4.0,7.0,37.0
3,41.0,42710.0,406.0,4.0,3.0,6.0,38.0
5,43.0,84169.0,1919.0,7.0,6.0,3.0,9.0
5,49.0,54058.0,662.0,4.0,8.0,3.0,56.0
3,35.0,24683.0,41.0,2.0,4.0,5.0,98.0
1,61.0,85620.0,1600.0,3.0,4.0,1.0,68.0
3,45.0,47850.0,134.0,3.0,4.0,6.0,72.0
3,57.0,19514.0,69.0,3.0,2.0,8.0,47.0
3,52.0,27159.0,21.0,1.0,3.0,6.0,33.0
2,62.0,39548.0,54.0,1.0,3.0,3.0,87.0
3,36.0,21474.0,91.0,3.0,2.0,7.0,0.0
0,54.0,60504.0,526.0,6.0,8.0,6.0,73.0
2,62.0,22419.0,162.0,3.0,2.0,8.0,74.0
5,76.0,81698.0,1008.0,3.0,13.0,1.0,4.0
2,73.0,43462.0,240.0,4.0,5.0,8.0,50.0
0,47.0,54880.0,795.0,6.0,11.0,5.0,57.0
5,43.0,79908.0,1772.0,5.0,7.0,2.0,30.0
3,55.0,15315.0,64.0,2.0,4.0,5.0,27.0
1,66.0,87771.0,1957.0,5.0,4.0,6.0,61.0
3,47.0,33039.0,78.0,2.0,4.0,5.0,4.0
1,45.0,81741.0,1572.0,6.0,7.0,2.0,75.0
5,54.0,71499.0,795.0,8.0,13.0,4.0,12.0
5,55.0,62466.0,889.0,6.0,12.0,4.0,13.0
5,62.0,48799.0,331.0,3.0,7.0,3.0,9.0
2,75.0,52157.0,265.0,3.0,5.0,4.0,48.0
0,63.0,66565.0,1065.0,4.0,9.0,8.0,80.0
2,74.0,29298.0,11.0,1.0,2.0,5.0,60.0
3,46.0,47691.0,21.0,1.0,2.0,6.0,43.0
3,55.0,38200.0,17.0,1.0,2.0,7.0,19.0
3,51.0,44989.0,369.0,5.0,5.0,6.0,26.0
2,57.0,38443.0,38.0,1.0,3.0,7.0,58.0
3,47.0,38593.0,177.0,4.0,3.0,8.0,42.0
0,55.0,64413.0,279.0,5.0,5.0,5.0,27.0
3,44.0,36959.0,62.0,2.0,3.0,8.0,56.0
5,48.0,61996.0,1230.0,6.0,8.0,5.0,27.0
3,57.0,51287.0,182.0,4.0,3.0,7.0,10.0
3,55.0,13260.0,49.0,3.0,3.0,8.0,48.0
2,59.0,47472.0,75.0,2.0,4.0,5.0,39.0
2,69.0,54603.0,227.0,4.0,4.0,7.0,85.0
2,51.0,45207.0,215.0,3.0,6.0,6.0,64.0
0,74.0,40689.0,444.0,7.0,5.0,8.0,69.0
2,58.0,47821.0,47.0,1.0,3.0,8.0,54.0
2,74.0,27450.0,143.0,2.0,3.0,7.0,57.0
3,42.0,39453.0,55.0,2.0,3.0,6.0,64.0
3,54.0,26850.0,63.0,2.0,4.0,4.0,10.0
1,70.0,79800.0,1867.0,5.0,5.0,3.0,65.0
1,64.0,61794.0,611.0,4.0,10.0,2.0,74.0
0,70.0,53863.0,473.0,7.0,7.0,7.0,4.0
2,66.0,24221.0,55.0,1.0,3.0,4.0,94.0
3,41.0,39684.0,81.0,2.0,2.0,7.0,41.0
5,50.0,92163.0,2086.0,5.0,5.0,2.0,25.0
1,60.0,69882.0,1478.0,3.0,9.0,1.0,94.0
3,48.0,33178.0,49.0,1.0,3.0,4.0,9.0
5,53.0,59973.0,382.0,3.0,7.0,1.0,47.0
3,50.0,17459.0,69.0,3.0,2.0,7.0,12.0
2,56.0,23910.0,67.0,2.0,3.0,7.0,80.0
3,56.0,42169.0,30.0,1.0,3.0,8.0,20.0
3,47.0,26224.0,63.0,2.0,3.0,6.0,39.0
3,44.0,31089.0,79.0,3.0,4.0,8.0,57.0
2,64.0,30081.0,42.0,1.0,3.0,7.0,27.0
1,65.0,62807.0,819.0,5.0,12.0,5.0,83.0
1,70.0,72906.0,1151.0,3.0,9.0,1.0,79.0
0,77.0,61467.0,594.0,5.0,10.0,5.0,69.0
2,59.0,49618.0,129.0,3.0,3.0,7.0,77.0
3,39.0,21888.0,213.0,5.0,2.0,10.0,15.0
2,52.0,42429.0,67.0,1.0,3.0,5.0,99.0
2,69.0,26150.0,28.0,1.0,3.0,7.0,61.0
3,50.0,30801.0,45.0,1.0,3.0,7.0,23.0
1,60.0,81168.0,1193.0,6.0,7.0,3.0,84.0
2,56.0,26877.0,268.0,3.0,6.0,6.0,74.0
2,81.0,45006.0,266.0,3.0,7.0,3.0,90.0
3,52.0,18978.0,37.0,1.0,3.0,8.0,41.0
3,58.0,22574.0,37.0,2.0,3.0,7.0,28.0
0,56.0,48240.0,882.0,6.0,13.0,5.0,73.0
2,51.0,45837.0,373.0,6.0,5.0,7.0,88.0
2,60.0,35791.0,35.0,1.0,3.0,8.0,94.0
5,49.0,162397.0,107.0,0.0,1.0,1.0,31.0
3,47.0,54162.0,42.0,1.0,3.0,4.0,31.0
5,65.0,30522.0,326.0,1.0,9.0,2.0,6.0
0,64.0,54456.0,404.0,6.0,7.0,6.0,23.0
2,54.0,31632.0,95.0,2.0,2.0,7.0,92.0
1,76.0,72298.0,939.0,4.0,6.0,1.0,52.0
3,47.0,36975.0,33.0,1.0,3.0,7.0,50.0
1,70.0,72635.0,981.0,6.0,6.0,3.0,54.0
3,49.0,13624.0,36.0,2.0,3.0,6.0,93.0
1,50.0,84196.0,1237.0,8.0,7.0,3.0,56.0
0,65.0,70971.0,1825.0,11.0,5.0,7.0,28.0
3,48.0,34487.0,103.0,3.0,3.0,9.0,94.0
3,48.0,28769.0,191.0,4.0,4.0,9.0,76.0
0,55.0,69084.0,1586.0,7.0,13.0,8.0,43.0
1,67.0,65488.0,963.0,3.0,6.0,1.0,46.0
5,55.0,62466.0,889.0,6.0,12.0,4.0,13.0
2,65.0,32218.0,93.0,2.0,3.0,7.0,27.0
5,52.0,83917.0,1587.0,6.0,7.0,3.0,12.0
3,63.0,46102.0,16.0,1.0,2.0,7.0,3.0
0,73.0,84574.0,1375.0,9.0,11.0,5.0,72.0
5,63.0,56181.0,393.0,4.0,7.0,4.0,6.0
0,75.0,63120.0,1477.0,8.0,9.0,7.0,53.0
1,54.0,73691.0,1179.0,6.0,8.0,2.0,58.0
1,65.0,63381.0,1005.0,4.0,13.0,2.0,78.0
1,77.0,76140.0,1348.0,5.0,6.0,2.0,57.0
0,66.0,62859.0,1307.0,9.0,6.0,6.0,37.0
2,61.0,45906.0,486.0,5.0,4.0,5.0,20.0
1,78.0,77632.0,2252.0,4.0,6.0,2.0,73.0
2,54.0,46463.0,235.0,3.0,6.0,6.0,56.0
5,55.0,105471.0,1724.0,9.0,13.0,3.0,36.0
5,55.0,55282.0,235.0,3.0,6.0,4.0,9.0
5,48.0,78710.0,1092.0,7.0,12.0,4.0,42.0
0,67.0,66886.0,599.0,7.0,7.0,5.0,28.0
5,65.0,98777.0,2008.0,4.0,9.0,1.0,23.0
3,40.0,29103.0,48.0,1.0,3.0,9.0,38.0
0,51.0,67445.0,1174.0,9.0,12.0,6.0,63.0
2,75.0,50616.0,67.0,1.0,4.0,2.0,71.0
0,70.0,49431.0,365.0,7.0,5.0,8.0,9.0
1,50.0,153924.0,6.0,0.0,0.0,0.0,81.0
2,72.0,61278.0,165.0,3.0,4.0,6.0,87.0
2,67.0,26490.0,210.0,3.0,5.0,6.0,92.0
0,78.0,73059.0,1095.0,9.0,13.0,4.0,36.0
2,59.0,46734.0,223.0,3.0,3.0,6.0,86.0
0,62.0,56253.0,597.0,7.0,9.0,6.0,83.0
3,40.0,19986.0,22.0,0.0,3.0,7.0,74.0
1,50.0,58330.0,1064.0,6.0,13.0,4.0,87.0
3,45.0,25965.0,74.0,2.0,3.0,8.0,29.0
2,69.0,14661.0,26.0,1.0,3.0,6.0,88.0
2,66.0,18690.0,60.0,1.0,2.0,8.0,77.0
3,51.0,45068.0,20.0,1.0,2.0,7.0,25.0
3,38.0,21063.0,59.0,2.0,3.0,6.0,34.0
3,57.0,29187.0,34.0,1.0,3.0,8.0,43.0
2,54.0,54690.0,198.0,3.0,5.0,3.0,76.0
0,61.0,59304.0,1048.0,7.0,10.0,5.0,81.0
0,63.0,59247.0,574.0,5.0,9.0,6.0,87.0
5,55.0,66731.0,1029.0,4.0,6.0,3.0,33.0
5,45.0,77353.0,670.0,6.0,8.0,4.0,38.0
3,50.0,52614.0,990.0,2.0,8.0,8.0,63.0
3,51.0,26751.0,11.0,1.0,2.0,8.0,26.0
0,62.0,81300.0,1241.0,10.0,5.0,5.0,17.0
1,46.0,70337.0,576.0,2.0,12.0,1.0,75.0
3,40.0,36145.0,172.0,4.0,3.0,9.0,13.0
5,45.0,65295.0,664.0,3.0,13.0,2.0,19.0
0,62.0,68118.0,928.0,8.0,4.0,6.0,51.0
0,58.0,68743.0,2074.0,11.0,13.0,7.0,81.0
0,43.0,41039.0,467.0,8.0,5.0,8.0,32.0
2,70.0,38946.0,257.0,3.0,6.0,5.0,84.0
1,58.0,65777.0,1146.0,2.0,6.0,1.0,87.0
1,49.0,66476.0,689.0,5.0,11.0,4.0,99.0
1,53.0,86857.0,2114.0,5.0,10.0,2.0,96.0
5,43.0,160803.0,1717.0,0.0,1.0,0.0,21.0
5,36.0,77845.0,1346.0,3.0,12.0,1.0,40.0
5,56.0,69476.0,1044.0,4.0,4.0,2.0,3.0
2,65.0,50611.0,493.0,4.0,7.0,6.0,98.0
1,55.0,61209.0,957.0,5.0,4.0,2.0,73.0
2,67.0,42315.0,270.0,1.0,4.0,3.0,90.0
2,73.0,13084.0,29.0,1.0,3.0,6.0,29.0
2,76.0,47570.0,121.0,2.0,2.0,7.0,3.0
2,64.0,61923.0,126.0,2.0,4.0,3.0,94.0
3,30.0,34824.0,23.0,1.0,2.0,6.0,65.0
2,76.0,26518.0,57.0,2.0,3.0,8.0,33.0
0,64.0,45938.0,636.0,8.0,6.0,6.0,46.0
0,65.0,78468.0,1004.0,10.0,10.0,4.0,29.0
1,52.0,78901.0,734.0,9.0,5.0,4.0,99.0
5,47.0,71427.0,614.0,8.0,8.0,4.0,26.0
0,47.0,71022.0,1453.0,5.0,11.0,8.0,30.0
5,37.0,90247.0,1621.0,3.0,7.0,1.0,27.0
3,57.0,41335.0,187.0,4.0,4.0,7.0,24.0
1,39.0,71952.0,1443.0,8.0,8.0,4.0,93.0
2,55.0,35682.0,57.0,1.0,3.0,2.0,34.0
0,74.0,43185.0,637.0,9.0,6.0,8.0,88.0
2,77.0,66375.0,948.0,2.0,5.0,7.0,96.0
3,54.0,35178.0,59.0,1.0,2.0,7.0,10.0
3,39.0,25252.0,18.0,1.0,2.0,8.0,26.0
0,60.0,55250.0,903.0,7.0,10.0,5.0,49.0
3,50.0,33249.0,112.0,2.0,3.0,6.0,11.0
0,72.0,58398.0,596.0,5.0,8.0,4.0,44.0
3,43.0,50272.0,233.0,4.0,5.0,7.0,75.0
1,50.0,76618.0,1511.0,3.0,5.0,1.0,64.0
5,65.0,87305.0,1152.0,5.0,8.0,2.0,19.0
3,47.0,25851.0,48.0,2.0,3.0,7.0,45.0
0,55.0,58710.0,1185.0,11.0,9.0,6.0,77.0
2,67.0,45160.0,21.0,1.0,2.0,7.0,9.0
5,60.0,74806.0,965.0,5.0,5.0,4.0,1.0
0,71.0,59111.0,869.0,11.0,8.0,7.0,90.0
3,41.0,18988.0,16.0,1.0,3.0,7.0,43.0
1,60.0,72190.0,1947.0,5.0,4.0,3.0,79.0
3,49.0,7500.0,71.0,4.0,2.0,9.0,19.0
2,59.0,44794.0,65.0,2.0,3.0,6.0,99.0
1,70.0,80395.0,1380.0,6.0,12.0,2.0,62.0
5,49.0,75012.0,1027.0,3.0,11.0,1.0,41.0
0,60.0,56962.0,411.0,6.0,5.0,7.0,60.0
5,34.0,89891.0,836.0,11.0,8.0,4.0,17.0
2,76.0,35946.0,11.0,0.0,3.0,5.0,24.0
0,72.0,53593.0,480.0,7.0,6.0,8.0,60.0
5,47.0,66373.0,606.0,4.0,10.0,3.0,57.0
2,77.0,45072.0,284.0,6.0,4.0,8.0,74.0
5,52.0,89694.0,1472.0,4.0,4.0,5.0,22.0
1,76.0,72025.0,1677.0,4.0,13.0,2.0,46.0
0,52.0,67432.0,1335.0,8.0,4.0,4.0,69.0
5,73.0,70545.0,334.0,4.0,7.0,2.0,29.0
3,36.0,17487.0,18.0,1.0,2.0,7.0,37.0
5,56.0,62882.0,1338.0,7.0,6.0,4.0,26.0
5,72.0,64108.0,1099.0,6.0,11.0,5.0,8.0
2,69.0,34941.0,97.0,3.0,3.0,8.0,26.0
2,75.0,48767.0,63.0,2.0,3.0,5.0,79.0
3,47.0,38702.0,109.0,3.0,4.0,6.0,71.0
1,61.0,82224.0,902.0,6.0,5.0,3.0,83.0
1,73.0,83844.0,1574.0,4.0,11.0,1.0,57.0
3,50.0,17003.0,38.0,2.0,4.0,5.0,37.0
5,30.0,71163.0,960.0,3.0,12.0,1.0,30.0
3,55.0,33697.0,28.0,1.0,2.0,7.0,34.0
0,71.0,63564.0,1215.0,10.0,7.0,6.0,0.0
1,53.0,83443.0,1497.0,6.0,5.0,2.0,89.0
1,67.0,51518.0,449.0,3.0,10.0,3.0,92.0
1,50.0,58330.0,1064.0,6.0,13.0,4.0,87.0
0,56.0,80952.0,1757.0,8.0,11.0,8.0,20.0
1,46.0,75507.0,1440.0,8.0,6.0,3.0,56.0
5,47.0,63855.0,1006.0,7.0,13.0,4.0,28.0
0,53.0,62220.0,1226.0,7.0,5.0,6.0,55.0
0,61.0,58512.0,1171.0,3.0,8.0,8.0,25.0
3,46.0,40662.0,92.0,2.0,3.0,4.0,0.0
2,66.0,38829.0,99.0,3.0,2.0,5.0,86.0
3,44.0,35523.0,66.0,3.0,3.0,7.0,8.0
0,58.0,79146.0,564.0,8.0,8.0,6.0,33.0
5,37.0,78285.0,1427.0,6.0,10.0,3.0,13.0
3,47.0,31626.0,86.0,2.0,2.0,7.0,12.0
1,73.0,75127.0,833.0,2.0,5.0,1.0,92.0
2,70.0,48726.0,242.0,3.0,4.0,6.0,90.0
5,48.0,74985.0,1869.0,3.0,7.0,2.0,8.0
0,38.0,67430.0,1364.0,11.0,12.0,6.0,6.0
2,60.0,46891.0,183.0,2.0,4.0,4.0,91.0
0,69.0,62058.0,450.0,6.0,7.0,6.0,52.0
5,46.0,72063.0,758.0,5.0,12.0,2.0,3.0
1,74.0,78939.0,1507.0,8.0,6.0,3.0,57.0
0,60.0,42720.0,654.0,7.0,7.0,8.0,9.0
3,53.0,33622.0,81.0,2.0,4.0,7.0,22.0
4,68.0,6835.0,137.0,0.0,1.0,20.0,76.0
2,72.0,41452.0,16.0,1.0,2.0,7.0,86.0
2,60.0,40760.0,93.0,2.0,3.0,6.0,64.0
1,67.0,74250.0,1158.0,2.0,4.0,1.0,90.0
2,70.0,51124.0,43.0,1.0,3.0,3.0,79.0
5,54.0,72258.0,1525.0,6.0,5.0,2.0,28.0
1,51.0,71466.0,1230.0,4.0,10.0,1.0,86.0
3,49.0,36283.0,29.0,1.0,3.0,4.0,42.0
3,55.0,20587.0,25.0,1.0,2.0,7.0,39.0
3,53.0,30467.0,24.0,1.0,2.0,7.0,8.0
3,53.0,31590.0,38.0,1.0,3.0,8.0,40.0
3,39.0,20425.0,57.0,2.0,3.0,7.0,5.0
2,65.0,17144.0,47.0,3.0,4.0,7.0,96.0
0,57.0,42564.0,813.0,6.0,4.0,7.0,28.0
0,47.0,43783.0,629.0,7.0,8.0,7.0,22.0
0,49.0,40780.0,377.0,7.0,5.0,9.0,30.0
1,80.0,62847.0,1612.0,3.0,4.0,2.0,45.0
1,68.0,82017.0,729.0,5.0,7.0,2.0,58.0
2,75.0,16813.0,50.0,2.0,3.0,7.0,49.0
3,47.0,51267.0,270.0,3.0,5.0,4.0,37.0
2,64.0,46524.0,177.0,1.0,5.0,3.0,70.0
2,63.0,45183.0,315.0,4.0,7.0,7.0,33.0
0,71.0,70421.0,767.0,10.0,7.0,6.0,98.0
0,60.0,60161.0,1071.0,11.0,8.0,8.0,17.0
1,52.0,73926.0,1580.0,6.0,12.0,3.0,54.0
3,57.0,19329.0,60.0,4.0,3.0,8.0,39.0
1,55.0,61872.0,573.0,4.0,9.0,4.0,81.0
2,69.0,46984.0,41.0,1.0,3.0,5.0,71.0
2,74.0,34838.0,170.0,2.0,4.0,6.0,62.0
5,81.0,82716.0,1167.0,6.0,13.0,2.0,8.0
1,67.0,48192.0,1526.0,2.0,12.0,8.0,76.0
0,49.0,49681.0,458.0,7.0,7.0,7.0,66.0
2,54.0,56850.0,63.0,1.0,3.0,2.0,83.0
2,68.0,55267.0,405.0,3.0,6.0,3.0,28.0
0,53.0,59666.0,1027.0,3.0,8.0,8.0,87.0
5,53.0,72504.0,1478.0,5.0,6.0,2.0,43.0
3,44.0,26872.0,72.0,1.0,2.0,6.0,0.0
3,53.0,21359.0,48.0,2.0,3.0,8.0,1.0
5,50.0,73170.0,726.0,5.0,6.0,2.0,1.0
1,70.0,52750.0,860.0,5.0,9.0,4.0,72.0
1,39.0,91820.0,1497.0,5.0,12.0,1.0,72.0
5,55.0,65968.0,495.0,5.0,7.0,3.0,12.0
3,49.0,30772.0,20.0,1.0,2.0,6.0,89.0
0,71.0,22507.0,570.0,10.0,4.0,9.0,67.0
0,53.0,65685.0,769.0,9.0,9.0,5.0,54.0
3,47.0,25804.0,55.0,2.0,3.0,8.0,34.0
5,45.0,76412.0,1808.0,5.0,8.0,3.0,15.0
3,53.0,22063.0,55.0,2.0,3.0,7.0,43.0
0,64.0,57091.0,577.0,7.0,7.0,5.0,0.0
2,62.0,22419.0,162.0,3.0,2.0,8.0,74.0
1,66.0,87771.0,1957.0,5.0,4.0,6.0,61.0
0,66.0,78353.0,1576.0,10.0,11.0,8.0,51.0
1,71.0,93404.0,1616.0,3.0,7.0,5.0,97.0
2,63.0,37859.0,36.0,1.0,3.0,8.0,75.0
1,67.0,80995.0,1482.0,8.0,4.0,4.0,83.0
3,41.0,16529.0,22.0,1.0,3.0,6.0,23.0
3,49.0,55412.0,63.0,2.0,3.0,5.0,65.0
0,33.0,48789.0,680.0,6.0,7.0,6.0,94.0
0,58.0,56575.0,542.0,7.0,7.0,5.0,42.0
3,45.0,25130.0,50.0,2.0,3.0,7.0,10.0
2,58.0,35441.0,39.0,1.0,3.0,8.0,94.0
1,69.0,71391.0,1043.0,6.0,12.0,3.0,50.0
0,53.0,49494.0,385.0,6.0,5.0,7.0,46.0
1,45.0,81702.0,1633.0,7.0,12.0,3.0,98.0
3,45.0,45889.0,46.0,1.0,3.0,6.0,42.0
0,48.0,56628.0,761.0,7.0,5.0,5.0,30.0
2,75.0,34026.0,76.0,2.0,3.0,5.0,11.0
2,51.0,40049.0,290.0,3.0,6.0,5.0,61.0
3,37.0,34176.0,89.0,3.0,4.0,6.0,12.0
3,44.0,19419.0,70.0,4.0,3.0,9.0,76.0
5,65.0,82504.0,1066.0,3.0,7.0,1.0,2.0
1,55.0,81205.0,2009.0,5.0,7.0,2.0,43.0
5,34.0,61618.0,1345.0,3.0,8.0,3.0,27.0
0,69.0,55284.0,764.0,7.0,8.0,5.0,60.0
2,62.0,49980.0,195.0,3.0,5.0,5.0,79.0
3,45.0,15072.0,53.0,3.0,3.0,5.0,96.0
3,51.0,49166.0,368.0,5.0,3.0,6.0,17.0
5,71.0,65324.0,544.0,6.0,9.0,4.0,0.0
1,68.0,82347.0,1853.0,7.0,10.0,3.0,38.0
2,59.0,30843.0,35.0,1.0,2.0,5.0,43.0
0,51.0,46374.0,446.0,7.0,7.0,8.0,1.0
0,46.0,60474.0,1180.0,10.0,12.0,7.0,25.0
3,52.0,38576.0,41.0,1.0,3.0,7.0,2.0
0,40.0,55357.0,727.0,6.0,11.0,5.0,66.0
3,59.0,37758.0,40.0,1.0,3.0,8.0,49.0
5,36.0,85710.0,1062.0,6.0,10.0,2.0,5.0
3,56.0,23228.0,40.0,2.0,3.0,8.0,71.0
3,56.0,44602.0,292.0,6.0,4.0,8.0,35.0
3,38.0,7500.0,15.0,0.0,3.0,6.0,94.0
3,36.0,38683.0,341.0,4.0,6.0,7.0,80.0
3,50.0,49514.0,369.0,6.0,4.0,7.0,61.0
5,52.0,57906.0,401.0,4.0,8.0,4.0,29.0
5,59.0,43456.0,393.0,5.0,8.0,5.0,0.0
3,39.0,19485.0,10.0,1.0,2.0,7.0,80.0
5,47.0,53172.0,486.0,2.0,8.0,3.0,54.0
3,46.0,30545.0,69.0,2.0,3.0,7.0,71.0
5,42.0,70123.0,1727.0,5.0,4.0,3.0,27.0
1,66.0,62450.0,995.0,5.0,4.0,3.0,61.0
3,49.0,21675.0,45.0,4.0,3.0,7.0,55.0
3,44.0,42395.0,182.0,3.0,4.0,7.0,35.0
5,47.0,61346.0,989.0,5.0,10.0,3.0,34.0
1,72.0,80812.0,1677.0,4.0,5.0,2.0,95.0
2,54.0,42835.0,595.0,6.0,4.0,6.0,64.0
3,42.0,39922.0,156.0,3.0,4.0,8.0,30.0
5,69.0,86424.0,1226.0,6.0,12.0,1.0,12.0
3,47.0,17117.0,128.0,3.0,3.0,9.0,96.0
3,53.0,24762.0,86.0,3.0,2.0,8.0,16.0
3,50.0,35797.0,68.0,2.0,3.0,8.0,16.0
3,50.0,36627.0,16.0,0.0,3.0,5.0,78.0
3,44.0,51111.0,55.0,2.0,3.0,6.0,83.0
1,53.0,86857.0,2114.0,5.0,10.0,2.0,96.0
1,55.0,82072.0,2018.0,3.0,13.0,1.0,67.0
2,72.0,46231.0,263.0,6.0,4.0,9.0,87.0
2,66.0,42243.0,55.0,2.0,3.0,7.0,34.0
0,63.0,51195.0,564.0,9.0,5.0,8.0,46.0
5,47.0,68092.0,1281.0,2.0,10.0,5.0,7.0
3,52.0,31814.0,83.0,2.0,3.0,9.0,73.0
2,60.0,51390.0,353.0,5.0,5.0,5.0,54.0
1,42.0,76630.0,1003.0,3.0,11.0,1.0,93.0
3,34.0,26868.0,14.0,1.0,2.0,7.0,52.0
0,82.0,48948.0,902.0,7.0,5.0,6.0,53.0
0,53.0,55260.0,1139.0,8.0,5.0,6.0,81.0
0,69.0,64090.0,797.0,6.0,4.0,5.0,8.0
1,67.0,78331.0,1638.0,10.0,7.0,4.0,97.0
3,51.0,37087.0,401.0,4.0,8.0,6.0,50.0
3,39.0,21846.0,84.0,4.0,3.0,8.0,38.0
1,67.0,81320.0,928.0,4.0,10.0,2.0,61.0
2,55.0,54137.0,203.0,4.0,4.0,6.0,46.0
1,58.0,66825.0,858.0,4.0,6.0,2.0,73.0
5,52.0,57100.0,409.0,3.0,6.0,3.0,19.0
5,56.0,58917.0,282.0,4.0,6.0,5.0,10.0
1,48.0,85072.0,1423.0,3.0,10.0,0.0,94.0
5,64.0,86429.0,1449.0,7.0,7.0,2.0,10.0
3,54.0,45684.0,28.0,1.0,2.0,7.0,37.0
2,51.0,47889.0,67.0,2.0,3.0,5.0,94.0
3,39.0,45921.0,199.0,2.0,6.0,4.0,23.0
1,59.0,78420.0,1453.0,3.0,8.0,1.0,75.0
5,33.0,75114.0,1253.0,3.0,5.0,2.0,40.0
0,62.0,52278.0,1198.0,10.0,10.0,8.0,24.0
3,53.0,35641.0,178.0,3.0,4.0,7.0,11.0
5,31.0,95529.0,1990.0,7.0,7.0,3.0,29.0
1,71.0,62820.0,976.0,3.0,6.0,1.0,51.0
1,65.0,73113.0,1001.0,3.0,7.0,2.0,86.0
5,43.0,84169.0,1919.0,7.0,6.0,3.0,9.0
2,71.0,42607.0,350.0,3.0,7.0,3.0,30.0
1,71.0,74637.0,1650.0,6.0,9.0,3.0,73.0
2,70.0,46015.0,46.0,1.0,3.0,7.0,25.0
1,32.0,72354.0,1228.0,2.0,6.0,1.0,67.0
2,56.0,39858.0,95.0,2.0,4.0,6.0,67.0
2,77.0,34469.0,62.0,1.0,4.0,4.0,58.0
0,39.0,83033.0,1761.0,11.0,10.0,5.0,82.0
3,46.0,24401.0,467.0,6.0,6.0,8.0,98.0
1,47.0,77583.0,1149.0,4.0,9.0,2.0,93.0
1,43.0,74116.0,2052.0,4.0,10.0,2.0,53.0
1,32.0,74293.0,1127.0,5.0,6.0,2.0,66.0
5,49.0,68397.0,1416.0,6.0,5.0,3.0,6.0
5,51.0,79632.0,1113.0,6.0,9.0,2.0,42.0
3,36.0,46107.0,125.0,1.0,4.0,3.0,78.0
0,74.0,64950.0,966.0,11.0,10.0,7.0,29.0
3,36.0,25443.0,32.0,1.0,3.0,8.0,82.0
1,73.0,75127.0,833.0,2.0,5.0,1.0,92.0
3,54.0,32892.0,46.0,3.0,3.0,8.0,78.0
0,54.0,71796.0,960.0,9.0,4.0,4.0,54.0
0,55.0,67536.0,1829.0,11.0,11.0,8.0,45.0
0,54.0,55239.0,779.0,7.0,11.0,5.0,59.0
0,50.0,60554.0,811.0,8.0,9.0,6.0,8.0
0,73.0,64831.0,1120.0,6.0,5.0,6.0,51.0
0,63.0,56067.0,725.0,7.0,7.0,5.0,51.0
1,42.0,82025.0,1187.0,3.0,6.0,1.0,76.0
1,72.0,94384.0,2302.0,5.0,5.0,2.0,62.0
3,39.0,14906.0,66.0,2.0,3.0,7.0,86.0
0,38.0,51563.0,1250.0,4.0,10.0,8.0,60.0
5,43.0,57937.0,683.0,4.0,9.0,3.0,56.0
1,46.0,68274.0,305.0,4.0,5.0,3.0,83.0
2,48.0,39771.0,50.0,2.0,3.0,4.0,92.0
0,50.0,67893.0,995.0,3.0,9.0,8.0,31.0
3,46.0,27922.0,41.0,2.0,3.0,4.0,80.0
3,49.0,52190.0,77.0,2.0,3.0,5.0,39.0
3,52.0,44051.0,171.0,3.0,4.0,6.0,20.0
3,54.0,42767.0,131.0,3.0,2.0,8.0,53.0
3,49.0,46106.0,54.0,1.0,2.0,6.0,84.0
3,49.0,16927.0,53.0,3.0,4.0,8.0,50.0
2,60.0,59754.0,475.0,5.0,6.0,5.0,96.0
1,73.0,53700.0,694.0,5.0,8.0,5.0,94.0
3,52.0,59041.0,96.0,2.0,4.0,5.0,25.0
2,68.0,54237.0,361.0,5.0,5.0,6.0,48.0
1,58.0,70647.0,1079.0,4.0,13.0,2.0,65.0
0,63.0,52597.0,578.0,6.0,8.0,5.0,69.0
3,56.0,41021.0,64.0,2.0,3.0,6.0,12.0
2,50.0,40233.0,149.0,2.0,5.0,6.0,84.0
3,45.0,50183.0,231.0,3.0,6.0,5.0,47.0
1,66.0,54753.0,728.0,5.0,11.0,4.0,87.0
5,52.0,92955.0,1778.0,6.0,9.0,2.0,35.0
3,52.0,33471.0,93.0,3.0,4.0,7.0,47.0
3,51.0,34596.0,23.0,1.0,2.0,8.0,48.0
0,45.0,44010.0,662.0,10.0,6.0,9.0,46.0
5,37.0,84219.0,1198.0,3.0,10.0,1.0,27.0
3,57.0,40706.0,81.0,3.0,4.0,7.0,37.0
3,37.0,15716.0,92.0,3.0,4.0,8.0,8.0
0,66.0,59052.0,491.0,7.0,7.0,5.0,29.0
1,54.0,80573.0,1564.0,4.0,13.0,2.0,85.0
5,63.0,83715.0,926.0,2.0,13.0,0.0,2.0
1,66.0,82576.0,1910.0,2.0,12.0,1.0,66.0
0,60.0,56962.0,411.0,6.0,5.0,7.0,60.0
2,73.0,35704.0,94.0,2.0,4.0,4.0,54.0
0,71.0,53103.0,1085.0,10.0,7.0,7.0,70.0
2,65.0,46779.0,23.0,0.0,2.0,4.0,55.0
4,60.0,4861.0,6.0,0.0,0.0,14.0,20.0
3,46.0,33462.0,54.0,2.0,3.0,7.0,78.0
0,47.0,63693.0,1150.0,11.0,9.0,6.0,63.0
5,75.0,80763.0,1415.0,5.0,6.0,3.0,17.0
5,51.0,65352.0,405.0,4.0,8.0,4.0,43.0
5,47.0,82170.0,1908.0,5.0,7.0,2.0,13.0
0,56.0,75759.0,2486.0,9.0,9.0,5.0,46.0
1,49.0,79689.0,1315.0,4.0,13.0,2.0,65.0
2,69.0,35340.0,45.0,2.0,3.0,5.0,1.0
5,71.0,85683.0,1789.0,2.0,10.0,1.0,6.0
3,53.0,24884.0,19.0,0.0,3.0,7.0,32.0
0,44.0,42021.0,573.0,10.0,6.0,9.0,34.0
1,36.0,64449.0,805.0,5.0,12.0,4.0,70.0
2,71.0,64587.0,108.0,1.0,4.0,3.0,49.0
3,30.0,34824.0,23.0,1.0,2.0,6.0,65.0
0,47.0,75437.0,1493.0,8.0,10.0,6.0,25.0
2,68.0,26091.0,89.0,2.0,3.0,5.0,84.0
0,52.0,52845.0,936.0,8.0,6.0,6.0,7.0
2,69.0,46086.0,343.0,3.0,8.0,4.0,34.0
0,69.0,78028.0,528.0,6.0,9.0,7.0,38.0
5,38.0,95169.0,1901.0,4.0,4.0,1.0,1.0
0,44.0,56337.0,724.0,8.0,4.0,8.0,25.0
3,38.0,22434.0,58.0,2.0,3.0,8.0,25.0
2,71.0,36930.0,297.0,5.0,4.0,8.0,50.0
2,71.0,36130.0,488.0,3.0,4.0,4.0,46.0
1,72.0,65569.0,859.0,6.0,10.0,3.0,96.0
1,73.0,83844.0,1574.0,4.0,11.0,1.0,57.0
3,57.0,19514.0,69.0,3.0,2.0,8.0,47.0
2,62.0,36736.0,17.0,1.0,2.0,6.0,52.0
0,46.0,77568.0,2194.0,10.0,8.0,5.0,30.0
2,49.0,49187.0,116.0,1.0,5.0,2.0,63.0
3,47.0,30168.0,279.0,6.0,4.0,9.0,51.0
3,57.0,34053.0,103.0,3.0,3.0,8.0,14.0
3,54.0,38196.0,44.0,2.0,4.0,5.0,20.0
1,74.0,59412.0,406.0,4.0,8.0,3.0,56.0
5,60.0,70924.0,1363.0,6.0,7.0,3.0,41.0
2,56.0,54165.0,236.0,2.0,7.0,2.0,72.0
3,52.0,32300.0,39.0,1.0,3.0,8.0,1.0
3,49.0,20180.0,137.0,2.0,4.0,7.0,27.0
3,52.0,34961.0,79.0,3.0,3.0,7.0,77.0
3,51.0,28440.0,63.0,2.0,3.0,8.0,87.0
0,72.0,64504.0,1314.0,11.0,4.0,7.0,81.0
2,59.0,33564.0,71.0,1.0,3.0,5.0,51.0
3,47.0,17345.0,58.0,2.0,2.0,8.0,79.0
5,58.0,56320.0,702.0,5.0,9.0,4.0,11.0
3,47.0,28647.0,94.0,2.0,2.0,7.0,54.0
3,38.0,15038.0,80.0,2.0,2.0,9.0,93.0
2,67.0,32173.0,22.0,1.0,3.0,4.0,0.0
0,61.0,68316.0,1211.0,10.0,10.0,6.0,54.0
5,54.0,74538.0,1461.0,8.0,5.0,3.0,21.0
1,54.0,91700.0,1968.0,8.0,5.0,3.0,58.0
5,56.0,68695.0,1091.0,4.0,7.0,2.0,3.0
3,48.0,31056.0,55.0,1.0,3.0,8.0,99.0
1,52.0,79593.0,1366.0,5.0,7.0,2.0,70.0
3,45.0,28071.0,313.0,5.0,5.0,8.0,65.0
2,67.0,37334.0,62.0,3.0,4.0,4.0,44.0
3,53.0,46423.0,92.0,2.0,4.0,7.0,6.0
3,54.0,37126.0,72.0,1.0,2.0,6.0,9.0
0,72.0,47703.0,655.0,6.0,8.0,5.0,95.0
1,66.0,61180.0,704.0,5.0,6.0,3.0,70.0
2,71.0,38998.0,54.0,2.0,3.0,8.0,92.0
4,34.0,8028.0,178.0,0.0,0.0,19.0,62.0
1,63.0,76081.0,1033.0,4.0,4.0,2.0,85.0
3,39.0,34728.0,36.0,1.0,2.0,6.0,2.0
3,60.0,33168.0,122.0,2.0,4.0,7.0,0.0
2,59.0,33585.0,122.0,2.0,4.0,4.0,91.0
5,65.0,77037.0,1123.0,7.0,12.0,3.0,3.0
3,41.0,35196.0,497.0,6.0,5.0,8.0,68.0
1,59.0,44529.0,691.0,6.0,11.0,5.0,98.0
5,60.0,70924.0,1363.0,6.0,7.0,3.0,41.0
3,59.0,28764.0,12.0,1.0,2.0,8.0,16.0
1,76.0,69098.0,2440.0,7.0,9.0,5.0,82.0
3,55.0,25959.0,56.0,1.0,2.0,6.0,1.0
3,42.0,27100.0,37.0,1.0,3.0,7.0,64.0
1,40.0,70596.0,968.0,3.0,12.0,2.0,68.0
2,51.0,42557.0,270.0,6.0,4.0,8.0,98.0
2,74.0,53312.0,278.0,5.0,5.0,7.0,32.0
1,73.0,72228.0,1250.0,6.0,8.0,3.0,87.0
1,38.0,67605.0,938.0,2.0,6.0,1.0,84.0
0,76.0,62845.0,1178.0,3.0,10.0,8.0,3.0
0,67.0,65196.0,1155.0,7.0,11.0,5.0,34.0
5,38.0,42000.0,653.0,5.0,11.0,5.0,23.0
3,52.0,35860.0,49.0,1.0,2.0,5.0,37.0
5,61.0,65526.0,506.0,4.0,8.0,2.0,22.0
3,64.0,16860.0,38.0,1.0,3.0,7.0,19.0
5,33.0,83528.0,1650.0,4.0,8.0,1.0,7.0
0,60.0,64176.0,1826.0,8.0,8.0,6.0,52.0
2,69.0,22304.0,18.0,1.0,2.0,8.0,91.0
1,47.0,67023.0,906.0,3.0,13.0,2.0,93.0
3,54.0,32892.0,46.0,3.0,3.0,8.0,78.0
5,59.0,70713.0,1477.0,5.0,8.0,3.0,23.0
0,70.0,59925.0,766.0,9.0,9.0,6.0,83.0
2,72.0,39722.0,47.0,2.0,3.0,5.0,92.0
0,67.0,46610.0,467.0,6.0,6.0,6.0,4.0
5,64.0,88347.0,2116.0,4.0,9.0,1.0,32.0
5,44.0,87171.0,1298.0,6.0,11.0,2.0,27.0
3,49.0,26907.0,22.0,1.0,3.0,7.0,10.0
5,57.0,50014.0,396.0,4.0,8.0,5.0,9.0
3,47.0,41014.0,20.0,1.0,2.0,7.0,65.0
1,60.0,66294.0,967.0,4.0,5.0,2.0,68.0
3,54.0,36715.0,357.0,7.0,4.0,9.0,16.0
5,69.0,79456.0,1401.0,5.0,4.0,3.0,12.0
3,43.0,40479.0,15.0,0.0,3.0,4.0,95.0
5,55.0,75345.0,2087.0,5.0,6.0,3.0,16.0
0,48.0,54233.0,981.0,11.0,5.0,8.0,46.0
3,55.0,24163.0,17.0,1.0,3.0,4.0,3.0
0,67.0,84460.0,523.0,9.0,4.0,5.0,80.0
3,42.0,43776.0,23.0,1.0,2.0,6.0,77.0
5,67.0,71691.0,1192.0,4.0,5.0,2.0,0.0
1,52.0,85844.0,1958.0,6.0,7.0,2.0,62.0
2,51.0,39190.0,133.0,2.0,4.0,5.0,91.0
5,66.0,71367.0,777.0,4.0,7.0,2.0,24.0
3,53.0,38578.0,73.0,3.0,3.0,8.0,2.0
2,60.0,57236.0,121.0,2.0,4.0,3.0,22.0
5,46.0,61825.0,424.0,4.0,8.0,4.0,56.0
1,67.0,79803.0,868.0,4.0,5.0,1.0,54.0
1,39.0,80910.0,756.0,3.0,8.0,1.0,71.0
3,43.0,27590.0,12.0,1.0,2.0,7.0,38.0
0,46.0,56775.0,937.0,5.0,10.0,5.0,62.0
1,50.0,83829.0,1862.0,4.0,6.0,1.0,78.0
5,46.0,54210.0,367.0,4.0,7.0,5.0,18.0
3,39.0,38508.0,443.0,7.0,5.0,8.0,95.0
2,55.0,53187.0,267.0,4.0,6.0,5.0,66.0
3,53.0,30023.0,61.0,2.0,3.0,8.0,28.0
1,65.0,76045.0,1323.0,4.0,11.0,2.0,78.0
2,73.0,50870.0,63.0,2.0,3.0,5.0,13.0
3,55.0,15315.0,64.0,2.0,4.0,5.0,27.0
5,51.0,65463.0,562.0,6.0,9.0,5.0,17.0
2,60.0,66480.0,312.0,4.0,7.0,4.0,71.0
1,71.0,76773.0,1156.0,2.0,11.0,1.0,79.0
5,42.0,81698.0,1104.0,8.0,5.0,5.0,1.0
2,52.0,54466.0,16.0,1.0,2.0,5.0,78.0
5,65.0,98777.0,2008.0,4.0,9.0,1.0,23.0
3,41.0,16269.0,44.0,3.0,3.0,8.0,75.0
1,54.0,71819.0,1574.0,3.0,5.0,6.0,70.0
3,42.0,33569.0,63.0,1.0,2.0,8.0,10.0
3,42.0,36262.0,426.0,3.0,3.0,6.0,24.0
3,59.0,22634.0,96.0,2.0,2.0,8.0,47.0
0,47.0,47025.0,635.0,11.0,6.0,9.0,98.0
5,57.0,70566.0,757.0,6.0,9.0,3.0,4.0
3,46.0,31605.0,125.0,2.0,4.0,7.0,15.0
2,52.0,52034.0,332.0,4.0,5.0,7.0,67.0
3,46.0,48526.0,135.0,2.0,4.0,3.0,32.0
2,71.0,46734.0,330.0,6.0,5.0,7.0,40.0
2,63.0,39552.0,384.0,6.0,5.0,8.0,54.0
0,59.0,86358.0,1722.0,5.0,6.0,8.0,78.0
2,48.0,46931.0,78.0,1.0,3.0,3.0,94.0
3,40.0,16581.0,24.0,0.0,3.0,4.0,51.0
0,73.0,63998.0,1168.0,7.0,11.0,4.0,42.0
1,74.0,67381.0,957.0,2.0,9.0,7.0,67.0
2,58.0,25930.0,15.0,1.0,2.0,7.0,87.0
3,47.0,42693.0,57.0,1.0,3.0,5.0,29.0
1,49.0,85606.0,1956.0,6.0,9.0,3.0,89.0
1,40.0,72903.0,2013.0,7.0,8.0,4.0,74.0
2,51.0,49669.0,326.0,5.0,6.0,6.0,97.0
3,57.0,36778.0,77.0,3.0,3.0,9.0,63.0
1,63.0,85696.0,1313.0,4.0,9.0,1.0,88.0
3,36.0,10979.0,30.0,3.0,3.0,5.0,34.0
2,64.0,49678.0,315.0,6.0,4.0,7.0,81.0
0,72.0,56129.0,660.0,6.0,10.0,4.0,65.0
3,36.0,37155.0,74.0,2.0,4.0,5.0,51.0
3,47.0,21282.0,46.0,2.0,2.0,6.0,76.0
2,63.0,33419.0,86.0,2.0,4.0,7.0,76.0
1,80.0,63285.0,1103.0,6.0,13.0,3.0,84.0
3,51.0,21255.0,61.0,2.0,4.0,4.0,56.0
3,44.0,42162.0,145.0,3.0,3.0,6.0,31.0
0,69.0,54450.0,684.0,9.0,8.0,8.0,0.0
0,71.0,57744.0,411.0,9.0,4.0,8.0,91.0
3,39.0,26576.0,27.0,1.0,2.0,9.0,40.0
0,82.0,57513.0,1060.0,9.0,13.0,6.0,59.0
0,61.0,68142.0,1459.0,10.0,7.0,6.0,96.0
3,46.0,7500.0,18.0,1.0,2.0,8.0,61.0
5,51.0,83145.0,1833.0,5.0,11.0,2.0,14.0
5,65.0,54197.0,237.0,1.0,6.0,1.0,16.0
2,62.0,23091.0,48.0,2.0,3.0,7.0,98.0
0,49.0,46049.0,515.0,5.0,9.0,7.0,11.0
0,51.0,56715.0,1020.0,7.0,4.0,4.0,52.0
5,64.0,79410.0,1370.0,3.0,5.0,1.0,19.0
0,74.0,57304.0,1026.0,7.0,10.0,5.0,61.0
2,60.0,44375.0,301.0,4.0,6.0,5.0,73.0
0,69.0,54450.0,684.0,9.0,8.0,8.0,0.0
0,60.0,59594.0,499.0,8.0,7.0,7.0,74.0
5,31.0,80685.0,1004.0,6.0,10.0,2.0,55.0
3,51.0,40344.0,218.0,4.0,5.0,7.0,48.0
5,53.0,62710.0,606.0,4.0,12.0,4.0,53.0
3,57.0,48985.0,75.0,1.0,3.0,3.0,13.0
3,57.0,35322.0,106.0,2.0,4.0,8.0,34.0
1,77.0,77142.0,990.0,4.0,8.0,2.0,54.0
1,56.0,81657.0,1097.0,3.0,8.0,1.0,69.0
3,29.0,14421.0,16.0,1.0,2.0,5.0,81.0
3,51.0,20130.0,34.0,1.0,3.0,8.0,99.0
5,35.0,74214.0,1711.0,8.0,5.0,5.0,3.0
0,68.0,66726.0,438.0,8.0,4.0,7.0,61.0
3,46.0,23724.0,75.0,2.0,3.0,8.0,65.0
2,65.0,47353.0,225.0,2.0,6.0,5.0,93.0
2,73.0,33444.0,18.0,1.0,2.0,8.0,24.0
5,44.0,54386.0,470.0,3.0,10.0,3.0,8.0
3,44.0,28510.0,91.0,2.0,4.0,5.0,72.0
5,34.0,90638.0,2525.0,3.0,10.0,1.0,29.0
0,75.0,48070.0,504.0,8.0,6.0,7.0,33.0
2,68.0,43140.0,235.0,4.0,5.0,6.0,68.0
0,64.0,54959.0,1232.0,9.0,4.0,7.0,55.0
2,67.0,15056.0,88.0,2.0,3.0,5.0,76.0
3,54.0,26954.0,17.0,1.0,2.0,7.0,17.0
3,40.0,22327.0,24.0,1.0,3.0,5.0,94.0
2,60.0,44393.0,60.0,1.0,4.0,4.0,86.0
5,73.0,62000.0,1020.0,6.0,13.0,4.0,25.0
3,63.0,31497.0,155.0,3.0,4.0,8.0,22.0
3,51.0,45894.0,51.0,1.0,3.0,5.0,15.0
5,55.0,78579.0,1812.0,5.0,4.0,3.0,35.0
1,56.0,67369.0,1461.0,7.0,10.0,4.0,81.0
2,65.0,58401.0,96.0,1.0,2.0,4.0,55.0
2,73.0,62307.0,160.0,4.0,4.0,5.0,94.0
2,56.0,43641.0,139.0,2.0,4.0,6.0,50.0
0,57.0,63841.0,908.0,9.0,9.0,6.0,64.0
2,60.0,46891.0,183.0,2.0,4.0,4.0,91.0
0,56.0,70091.0,1161.0,5.0,10.0,8.0,11.0
1,53.0,78075.0,988.0,3.0,5.0,1.0,72.0
5,64.0,59184.0,1072.0,6.0,12.0,5.0,6.0
3,48.0,54809.0,174.0,2.0,5.0,4.0,0.0
0,66.0,58113.0,758.0,9.0,8.0,7.0,66.0
2,67.0,51412.0,195.0,3.0,4.0,4.0,42.0
3,46.0,15287.0,31.0,1.0,2.0,7.0,60.0
1,68.0,66636.0,1084.0,3.0,9.0,1.0,64.0
0,69.0,50965.0,685.0,10.0,5.0,8.0,87.0
1,60.0,84618.0,1672.0,6.0,10.0,2.0,96.0
3,35.0,18351.0,43.0,2.0,3.0,7.0,1.0
2,68.0,40451.0,49.0,1.0,2.0,5.0,54.0
2,60.0,36317.0,133.0,3.0,4.0,7.0,53.0
2,68.0,42213.0,363.0,5.0,7.0,7.0,96.0
1,70.0,65748.0,545.0,2.0,10.0,1.0,58.0
5,53.0,77044.0,1065.0,7.0,11.0,4.0,12.0
1,56.0,74918.0,2047.0,5.0,6.0,3.0,78.0
2,53.0,56721.0,296.0,4.0,5.0,6.0,64.0
3,50.0,42160.0,140.0,2.0,4.0,6.0,26.0
5,60.0,61559.0,530.0,4.0,10.0,3.0,8.0
2,62.0,33629.0,152.0,3.0,4.0,9.0,49.0
5,34.0,68682.0,1598.0,4.0,10.0,2.0,56.0
2,62.0,34377.0,114.0,2.0,2.0,7.0,55.0
3,39.0,8940.0,101.0,3.0,3.0,8.0,25.0
3,52.0,26228.0,25.0,1.0,2.0,8.0,50.0
1,68.0,77297.0,789.0,5.0,9.0,4.0,84.0
3,44.0,40211.0,87.0,2.0,2.0,8.0,30.0
2,67.0,33438.0,90.0,2.0,4.0,5.0,81.0
1,66.0,75032.0,1215.0,5.0,9.0,3.0,74.0
0,70.0,61284.0,811.0,11.0,8.0,6.0,76.0
3,39.0,22518.0,61.0,2.0,2.0,5.0,36.0
1,50.0,54730.0,405.0,4.0,8.0,4.0,64.0
2,70.0,38452.0,72.0,3.0,3.0,7.0,62.0
3,54.0,44421.0,189.0,5.0,4.0,8.0,53.0
3,39.0,38197.0,40.0,1.0,3.0,5.0,86.0
3,47.0,41986.0,63.0,3.0,4.0,4.0,15.0
3,42.0,28427.0,52.0,2.0,3.0,8.0,67.0
3,49.0,37395.0,39.0,1.0,3.0,6.0,47.0
0,54.0,64722.0,805.0,8.0,11.0,6.0,47.0
2,69.0,55249.0,130.0,2.0,4.0,3.0,81.0
1,53.0,84906.0,1631.0,5.0,12.0,2.0,98.0
3,36.0,28691.0,34.0,1.0,3.0,8.0,56.0
2,73.0,44213.0,152.0,2.0,5.0,6.0,48.0
3,41.0,25707.0,21.0,1.0,3.0,7.0,18.0
2,58.0,59062.0,71.0,2.0,3.0,4.0,74.0
1,63.0,76624.0,899.0,5.0,7.0,1.0,68.0
2,78.0,66000.0,711.0,1.0,5.0,1.0,36.0
3,47.0,27683.0,351.0,6.0,4.0,8.0,90.0
4,54.0,1730.0,8.0,0.0,0.0,20.0,65.0
3,33.0,7500.0,119.0,3.0,2.0,9.0,63.0
2,57.0,40521.0,21.0,0.0,2.0,5.0,82.0
3,52.0,20427.0,10.0,1.0,2.0,8.0,63.0
0,50.0,65106.0,973.0,8.0,13.0,6.0,55.0
1,60.0,69969.0,1536.0,4.0,6.0,3.0,64.0
1,73.0,67433.0,992.0,6.0,13.0,4.0,51.0
0,58.0,77766.0,1529.0,11.0,11.0,6.0,97.0
1,53.0,74716.0,860.0,7.0,5.0,4.0,92.0
0,62.0,68118.0,928.0,8.0,4.0,6.0,51.0
0,55.0,55158.0,418.0,7.0,5.0,7.0,72.0
0,70.0,62972.0,587.0,7.0,3.0,6.0,39.0
5,50.0,74190.0,641.0,4.0,11.0,2.0,49.0
3,49.0,39356.0,23.0,1.0,2.0,6.0,21.0
1,56.0,76653.0,2279.0,4.0,11.0,2.0,91.0
3,52.0,35860.0,49.0,1.0,2.0,5.0,37.0
1,42.0,90687.0,1779.0,6.0,8.0,2.0,98.0
1,43.0,73450.0,1804.0,7.0,11.0,3.0,85.0
2,65.0,31454.0,48.0,2.0,3.0,8.0,40.0
2,73.0,47139.0,83.0,2.0,2.0,7.0,2.0
1,50.0,83829.0,1862.0,4.0,6.0,1.0,78.0
0,62.0,53378.0,793.0,9.0,6.0,8.0,41.0
2,55.0,19656.0,84.0,2.0,3.0,7.0,94.0
2,77.0,45579.0,183.0,4.0,4.0,6.0,10.0
1,67.0,85485.0,1383.0,6.0,6.0,2.0,73.0
0,81.0,55956.0,999.0,7.0,4.0,4.0,22.0
5,62.0,64191.0,825.0,5.0,13.0,3.0,30.0
3,53.0,38808.0,246.0,5.0,4.0,8.0,21.0
0,59.0,57183.0,610.0,9.0,7.0,8.0,51.0
2,57.0,23748.0,76.0,2.0,3.0,8.0,97.0
0,54.0,66303.0,1286.0,3.0,11.0,8.0,56.0
3,50.0,37368.0,30.0,1.0,2.0,6.0,4.0
2,61.0,40800.0,99.0,3.0,3.0,7.0,77.0
1,47.0,71847.0,1192.0,6.0,9.0,3.0,95.0
0,50.0,46149.0,362.0,5.0,7.0,5.0,36.0
5,42.0,78687.0,2130.0,4.0,8.0,2.0,13.0
0,54.0,49118.0,1229.0,9.0,10.0,7.0,90.0
2,68.0,37633.0,38.0,1.0,3.0,9.0,49.0
0,74.0,39767.0,485.0,7.0,7.0,8.0,18.0
2,74.0,26997.0,434.0,4.0,5.0,7.0,89.0
3,55.0,33986.0,44.0,1.0,3.0,7.0,43.0
0,53.0,57091.0,496.0,9.0,5.0,7.0,82.0
2,56.0,46831.0,78.0,1.0,2.0,4.0,84.0
1,53.0,83151.0,2346.0,5.0,10.0,2.0,80.0
0,54.0,52531.0,794.0,7.0,10.0,6.0,68.0
2,69.0,15759.0,17.0,1.0,2.0,7.0,12.0
3,54.0,22804.0,26.0,2.0,2.0,9.0,75.0
3,52.0,43050.0,76.0,2.0,4.0,5.0,10.0
3,48.0,42997.0,15.0,1.0,2.0,7.0,91.0
2,62.0,48918.0,62.0,1.0,4.0,4.0,21.0
2,71.0,60033.0,198.0,2.0,5.0,2.0,28.0
3,47.0,34043.0,49.0,2.0,2.0,9.0,97.0
0,59.0,57811.0,802.0,7.0,11.0,5.0,49.0
5,79.0,78569.0,1736.0,4.0,4.0,1.0,14.0
3,47.0,7500.0,57.0,2.0,3.0,6.0,5.0
5,54.0,157733.0,59.0,1.0,1.0,1.0,37.0
1,72.0,94384.0,2302.0,5.0,5.0,2.0,62.0
3,40.0,23148.0,37.0,2.0,3.0,7.0,83.0
3,55.0,44267.0,310.0,5.0,4.0,9.0,48.0
1,46.0,71626.0,1305.0,5.0,8.0,3.0,94.0
0,59.0,60894.0,832.0,10.0,8.0,7.0,61.0
0,49.0,50200.0,401.0,7.0,5.0,8.0,70.0
5,60.0,81051.0,1501.0,5.0,12.0,2.0,43.0
0,43.0,65169.0,1189.0,10.0,13.0,6.0,23.0
0,53.0,59868.0,1194.0,11.0,12.0,6.0,37.0
1,65.0,65695.0,656.0,5.0,10.0,4.0,50.0
1,69.0,64857.0,1540.0,7.0,10.0,4.0,78.0
2,60.0,45143.0,311.0,6.0,5.0,7.0,74.0
5,70.0,74805.0,820.0,4.0,10.0,2.0,14.0
3,36.0,59060.0,274.0,3.0,7.0,4.0,77.0
3,63.0,27238.0,57.0,3.0,3.0,9.0,39.0
2,60.0,47009.0,448.0,3.0,8.0,4.0,89.0
3,52.0,46094.0,44.0,1.0,3.0,7.0,62.0
3,53.0,40321.0,102.0,3.0,3.0,7.0,59.0
3,41.0,37235.0,61.0,1.0,2.0,4.0,68.0
5,65.0,81843.0,1643.0,5.0,12.0,3.0,13.0
0,67.0,46692.0,397.0,6.0,5.0,6.0,37.0
5,57.0,77382.0,1121.0,5.0,12.0,1.0,36.0
3,48.0,37774.0,473.0,7.0,3.0,9.0,28.0
3,51.0,18393.0,50.0,3.0,3.0,8.0,2.0
0,63.0,72828.0,1678.0,6.0,13.0,7.0,17.0
3,43.0,24711.0,58.0,3.0,3.0,7.0,86.0
3,50.0,45503.0,170.0,3.0,4.0,5.0,54.0
4,43.0,6560.0,373.0,1.0,1.0,17.0,2.0
0,80.0,71604.0,1196.0,8.0,5.0,4.0,3.0
3,46.0,27244.0,101.0,2.0,2.0,7.0,84.0
0,56.0,48752.0,316.0,6.0,5.0,9.0,8.0
5,63.0,71434.0,1400.0,7.0,7.0,4.0,4.0
1,77.0,90842.0,1424.0,4.0,13.0,1.0,57.0
0,47.0,88097.0,844.0,6.0,8.0,9.0,24.0
3,50.0,51948.0,311.0,5.0,4.0,5.0,51.0
5,43.0,71853.0,1149.0,2.0,6.0,1.0,29.0
3,42.0,35876.0,129.0,3.0,3.0,6.0,13.0
2,73.0,40049.0,32.0,1.0,3.0,6.0,23.0
3,43.0,39660.0,299.0,7.0,3.0,9.0,36.0
2,63.0,50127.0,320.0,5.0,6.0,6.0,88.0
3,48.0,43263.0,441.0,5.0,6.0,5.0,2.0
0,76.0,62845.0,1178.0,3.0,10.0,8.0,3.0
3,35.0,18929.0,85.0,1.0,4.0,6.0,15.0
3,43.0,24367.0,24.0,1.0,2.0,9.0,58.0
3,50.0,33249.0,112.0,2.0,3.0,6.0,11.0
2,66.0,26887.0,30.0,1.0,3.0,6.0,27.0
3,42.0,50150.0,410.0,5.0,7.0,5.0,32.0
0,49.0,62061.0,800.0,10.0,7.0,6.0,12.0
1,63.0,85696.0,1313.0,4.0,9.0,1.0,88.0
1,69.0,76542.0,1483.0,4.0,10.0,2.0,91.0
5,32.0,70515.0,1258.0,6.0,4.0,2.0,12.0
3,38.0,18227.0,28.0,0.0,2.0,8.0,21.0
5,60.0,69139.0,227.0,4.0,5.0,4.0,23.0
5,43.0,69109.0,1555.0,6.0,7.0,4.0,10.0
0,63.0,69627.0,861.0,8.0,11.0,5.0,35.0
3,47.0,38136.0,103.0,3.0,2.0,8.0,69.0
1,79.0,62159.0,634.0,6.0,10.0,4.0,68.0
1,62.0,80695.0,1918.0,5.0,5.0,2.0,85.0
3,54.0,33316.0,131.0,2.0,4.0,6.0,34.0
0,57.0,58554.0,586.0,8.0,6.0,7.0,55.0
3,33.0,17256.0,62.0,2.0,2.0,8.0,10.0
0,51.0,53034.0,447.0,6.0,7.0,8.0,30.0
0,75.0,52203.0,939.0,8.0,11.0,6.0,36.0
3,48.0,59601.0,797.0,2.0,7.0,8.0,14.0
1,67.0,75154.0,1143.0,6.0,6.0,3.0,79.0
0,49.0,47025.0,415.0,6.0,5.0,6.0,52.0
2,52.0,37971.0,30.0,1.0,3.0,8.0,97.0
3,57.0,41335.0,187.0,4.0,4.0,7.0,24.0
5,67.0,67267.0,251.0,3.0,5.0,2.0,0.0
2,50.0,57338.0,237.0,4.0,5.0,5.0,96.0
2,65.0,50523.0,91.0,2.0,4.0,6.0,89.0
2,60.0,35791.0,35.0,1.0,3.0,8.0,94.0
2,65.0,50611.0,493.0,4.0,7.0,6.0,98.0
0,56.0,56242.0,971.0,8.0,11.0,6.0,72.0
0,65.0,48904.0,371.0,7.0,4.0,8.0,1.0
5,50.0,56243.0,396.0,4.0,8.0,5.0,26.0
3,40.0,21355.0,68.0,2.0,2.0,6.0,5.0
0,54.0,57420.0,322.0,5.0,6.0,7.0,22.0
2,70.0,46390.0,222.0,4.0,3.0,7.0,56.0
2,69.0,54342.0,177.0,3.0,4.0,6.0,74.0
3,52.0,20895.0,45.0,2.0,3.0,9.0,24.0
5,77.0,92344.0,1899.0,5.0,5.0,1.0,9.0
3,49.0,26907.0,22.0,1.0,3.0,7.0,10.0
3,45.0,44964.0,41.0,1.0,3.0,8.0,35.0
1,46.0,75507.0,1440.0,8.0,6.0,3.0,56.0
3,53.0,53761.0,325.0,4.0,3.0,5.0,7.0
3,52.0,22682.0,95.0,2.0,4.0,4.0,51.0
3,53.0,38887.0,42.0,1.0,3.0,7.0,17.0
3,50.0,41658.0,72.0,1.0,2.0,4.0,30.0
3,53.0,29791.0,20.0,2.0,3.0,5.0,21.0
5,69.0,63915.0,789.0,6.0,12.0,5.0,2.0
2,51.0,39996.0,15.0,1.0,2.0,6.0,85.0
3,53.0,26759.0,59.0,2.0,3.0,6.0,65.0
0,57.0,63841.0,908.0,9.0,9.0,6.0,64.0
0,56.0,51039.0,417.0,6.0,4.0,7.0,11.0
2,64.0,60544.0,289.0,5.0,5.0,6.0,92.0
0,53.0,65685.0,769.0,9.0,9.0,5.0,54.0
2,72.0,37716.0,188.0,4.0,3.0,7.0,4.0
2,68.0,36864.0,354.0,5.0,4.0,8.0,53.0
0,55.0,44511.0,727.0,8.0,8.0,8.0,39.0
3,58.0,36947.0,146.0,3.0,4.0,9.0,49.0
2,74.0,47352.0,319.0,6.0,5.0,7.0,70.0
0,72.0,67087.0,794.0,7.0,8.0,4.0,40.0
5,75.0,57045.0,454.0,4.0,9.0,3.0,40.0
2,72.0,36957.0,152.0,3.0,2.0,9.0,43.0
5,48.0,69389.0,797.0,7.0,12.0,4.0,17.0
5,53.0,80134.0,1690.0,5.0,6.0,6.0,40.0
2,56.0,43142.0,20.0,1.0,2.0,7.0,84.0
5,81.0,80589.0,1428.0,5.0,5.0,1.0,25.0
3,35.0,34412.0,209.0,5.0,3.0,9.0,62.0
1,46.0,57537.0,545.0,4.0,8.0,4.0,83.0
3,59.0,22634.0,96.0,2.0,2.0,8.0,47.0
2,77.0,51315.0,222.0,2.0,5.0,2.0,45.0
3,53.0,36026.0,61.0,2.0,3.0,6.0,34.0
3,52.0,24639.0,44.0,2.0,4.0,6.0,3.0
3,53.0,34578.0,8.0,1.0,2.0,6.0,1.0
5,53.0,65704.0,817.0,2.0,10.0,1.0,18.0
0,59.0,63810.0,1371.0,4.0,12.0,8.0,45.0
2,56.0,54132.0,42.0,1.0,3.0,7.0,81.0
2,66.0,18690.0,60.0,1.0,2.0,8.0,77.0
3,55.0,28164.0,78.0,2.0,4.0,7.0,23.0
3,51.0,34596.0,23.0,1.0,2.0,8.0,48.0
3,53.0,43269.0,19.0,1.0,2.0,8.0,61.0
2,67.0,38741.0,61.0,2.0,3.0,7.0,60.0
0,53.0,31907.0,449.0,6.0,6.0,7.0,75.0
3,42.0,27100.0,37.0,1.0,3.0,7.0,64.0
3,52.0,31163.0,38.0,1.0,3.0,6.0,54.0
1,40.0,92533.0,1131.0,6.0,11.0,2.0,84.0
3,52.0,34853.0,34.0,2.0,3.0,6.0,75.0
0,58.0,70844.0,294.0,6.0,5.0,7.0,16.0
3,46.0,31086.0,48.0,1.0,2.0,8.0,79.0
2,64.0,60544.0,289.0,5.0,5.0,6.0,92.0
3,39.0,20491.0,30.0,0.0,2.0,7.0,16.0
2,61.0,42523.0,125.0,1.0,4.0,2.0,96.0
3,42.0,39922.0,156.0,3.0,4.0,8.0,30.0
2,73.0,33402.0,70.0,2.0,3.0,8.0,60.0
2,76.0,36408.0,22.0,1.0,2.0,6.0,11.0
3,46.0,21645.0,65.0,3.0,3.0,9.0,75.0
1,77.0,78427.0,1930.0,3.0,10.0,3.0,36.0
1,79.0,82657.0,2283.0,7.0,10.0,4.0,71.0
1,67.0,51876.0,310.0,2.0,8.0,1.0,88.0
1,54.0,78041.0,1319.0,4.0,9.0,2.0,93.0
0,68.0,52852.0,879.0,10.0,5.0,8.0,93.0
5,43.0,70038.0,1244.0,4.0,8.0,2.0,54.0
5,52.0,69401.0,690.0,4.0,5.0,2.0,41.0
3,53.0,46053.0,209.0,3.0,4.0,5.0,46.0
5,60.0,77343.0,1134.0,3.0,9.0,1.0,28.0
1,72.0,73892.0,1507.0,3.0,8.0,1.0,40.0
2,58.0,40304.0,57.0,2.0,3.0,7.0,82.0
0,60.0,32727.0,529.0,7.0,5.0,8.0,38.0
5,56.0,68695.0,1091.0,4.0,7.0,2.0,3.0
2,54.0,43300.0,180.0,4.0,4.0,8.0,87.0
3,53.0,26290.0,77.0,2.0,4.0,6.0,49.0
5,55.0,93790.0,2349.0,6.0,12.0,2.0,16.0
0,51.0,38410.0,534.0,5.0,9.0,6.0,65.0
0,75.0,64866.0,556.0,7.0,7.0,5.0,9.0
5,66.0,57957.0,637.0,4.0,8.0,3.0,24.0
2,70.0,46015.0,46.0,1.0,3.0,7.0,25.0
3,47.0,16531.0,44.0,3.0,3.0,7.0,43.0
3,39.0,28072.0,47.0,1.0,3.0,7.0,10.0
5,62.0,49476.0,795.0,2.0,5.0,2.0,29.0
0,72.0,50725.0,586.0,8.0,8.0,8.0,45.0
1,73.0,83844.0,1574.0,4.0,11.0,1.0,57.0
2,75.0,41145.0,13.0,0.0,3.0,3.0,20.0
0,55.0,67419.0,1471.0,9.0,8.0,5.0,29.0
2,55.0,23162.0,65.0,1.0,3.0,6.0,82.0
3,48.0,34380.0,175.0,4.0,3.0,8.0,68.0
2,59.0,34704.0,40.0,1.0,3.0,5.0,65.0
0,56.0,94871.0,1078.0,8.0,4.0,7.0,99.0
5,67.0,65148.0,1115.0,6.0,7.0,4.0,9.0
2,71.0,39898.0,134.0,3.0,4.0,7.0,20.0
1,69.0,64857.0,1540.0,7.0,10.0,4.0,78.0
2,55.0,59892.0,87.0,2.0,3.0,3.0,26.0
3,38.0,41020.0,217.0,3.0,4.0,3.0,68.0
0,64.0,57072.0,1034.0,7.0,13.0,5.0,79.0
0,46.0,60474.0,1180.0,10.0,12.0,7.0,25.0
1,65.0,62807.0,819.0,5.0,12.0,5.0,83.0
3,44.0,19414.0,32.0,1.0,3.0,8.0,32.0
3,45.0,19107.0,46.0,1.0,3.0,7.0,49.0
5,49.0,75484.0,1159.0,7.0,6.0,4.0,50.0
1,49.0,70379.0,860.0,6.0,13.0,4.0,84.0
1,55.0,79419.0,1631.0,4.0,4.0,2.0,96.0
0,79.0,64014.0,444.0,8.0,5.0,7.0,56.0
0,70.0,76998.0,1910.0,11.0,8.0,6.0,85.0
0,53.0,49854.0,380.0,6.0,5.0,6.0,63.0
0,54.0,60585.0,736.0,7.0,9.0,5.0,17.0
2,75.0,42873.0,269.0,6.0,4.0,8.0,11.0
1,37.0,87679.0,2524.0,7.0,10.0,4.0,62.0
0,47.0,57867.0,612.0,7.0,9.0,6.0,48.0
3,35.0,35765.0,75.0,2.0,4.0,6.0,86.0
1,66.0,65492.0,1045.0,4.0,13.0,2.0,73.0
3,48.0,32952.0,55.0,2.0,3.0,7.0,36.0
0,56.0,53374.0,1064.0,4.0,9.0,9.0,34.0
0,66.0,71706.0,1443.0,9.0,7.0,5.0,16.0
5,37.0,68487.0,1366.0,9.0,13.0,4.0,48.0
2,50.0,53253.0,436.0,4.0,5.0,5.0,61.0
3,52.0,31163.0,38.0,1.0,3.0,6.0,54.0
0,48.0,42014.0,436.0,7.0,6.0,8.0,56.0
0,52.0,54108.0,747.0,8.0,9.0,8.0,74.0
0,70.0,49667.0,1396.0,5.0,5.0,8.0,35.0
1,51.0,63206.0,928.0,4.0,6.0,2.0,65.0
0,53.0,57136.0,642.0,5.0,10.0,6.0,48.0
0,50.0,46772.0,1048.0,11.0,5.0,8.0,88.0
5,54.0,78931.0,943.0,2.0,13.0,1.0,19.0
5,67.0,53977.0,907.0,5.0,12.0,5.0,21.0
5,37.0,84219.0,1198.0,3.0,10.0,1.0,27.0
3,50.0,46098.0,120.0,3.0,2.0,8.0,86.0
0,60.0,73538.0,1658.0,10.0,9.0,7.0,92.0
5,39.0,79529.0,1638.0,4.0,9.0,2.0,1.0
3,48.0,20981.0,73.0,3.0,2.0,8.0,14.0
3,45.0,51766.0,275.0,4.0,4.0,5.0,74.0
0,63.0,55759.0,854.0,10.0,8.0,8.0,84.0
3,47.0,33039.0,78.0,2.0,4.0,5.0,4.0
3,53.0,37787.0,106.0,3.0,3.0,8.0,50.0
3,55.0,27242.0,106.0,2.0,3.0,9.0,2.0
1,42.0,87188.0,1923.0,10.0,6.0,3.0,73.0
5,54.0,69930.0,1662.0,4.0,12.0,3.0,21.0
3,49.0,37697.0,84.0,2.0,3.0,6.0,82.0
3,52.0,37401.0,48.0,2.0,3.0,7.0,14.0
4,52.0,3502.0,5.0,0.0,0.0,14.0,56.0
0,49.0,58597.0,733.0,7.0,9.0,7.0,20.0
1,77.0,82032.0,1234.0,4.0,7.0,1.0,54.0
2,67.0,28087.0,112.0,2.0,2.0,7.0,77.0
5,38.0,74004.0,1658.0,4.0,4.0,3.0,5.0
2,65.0,19740.0,55.0,1.0,3.0,5.0,65.0
0,50.0,57036.0,1513.0,6.0,13.0,9.0,33.0
2,67.0,53083.0,271.0,5.0,5.0,7.0,65.0
0,50.0,69283.0,904.0,7.0,13.0,5.0,41.0
3,50.0,46098.0,120.0,3.0,2.0,8.0,86.0
3,37.0,23331.0,103.0,3.0,3.0,8.0,92.0
3,37.0,23331.0,269.0,5.0,5.0,9.0,97.0
3,36.0,9255.0,22.0,1.0,2.0,8.0,91.0
5,66.0,67786.0,1156.0,3.0,6.0,1.0,0.0
0,54.0,71969.0,1086.0,3.0,9.0,8.0,59.0
0,58.0,59235.0,1128.0,11.0,12.0,7.0,4.0
3,36.0,31928.0,72.0,3.0,4.0,7.0,5.0
0,64.0,74881.0,964.0,9.0,12.0,5.0,48.0
1,47.0,65819.0,1383.0,5.0,10.0,3.0,99.0
2,72.0,51411.0,18.0,0.0,3.0,5.0,81.0
0,61.0,51983.0,793.0,9.0,10.0,7.0,95.0
3,39.0,42386.0,100.0,3.0,3.0,8.0,43.0
3,38.0,30390.0,80.0,2.0,3.0,6.0,5.0
2,62.0,30983.0,167.0,4.0,3.0,8.0,50.0
0,68.0,66033.0,677.0,8.0,7.0,7.0,76.0
3,50.0,37284.0,23.0,0.0,3.0,6.0,46.0
2,74.0,57530.0,92.0,1.0,4.0,1.0,68.0
5,60.0,76800.0,641.0,4.0,7.0,1.0,33.0
0,69.0,63943.0,1106.0,6.0,6.0,5.0,50.0
1,63.0,76081.0,1033.0,4.0,4.0,2.0,85.0
0,51.0,67445.0,1174.0,9.0,12.0,6.0,63.0
2,58.0,37054.0,25.0,1.0,3.0,7.0,89.0
2,63.0,47175.0,240.0,4.0,4.0,8.0,81.0
3,49.0,31859.0,20.0,1.0,2.0,7.0,77.0
2,64.0,27215.0,102.0,2.0,4.0,6.0,50.0
5,49.0,70179.0,1034.0,7.0,13.0,5.0,10.0
3,42.0,39922.0,156.0,3.0,4.0,8.0,30.0
0,49.0,49681.0,458.0,7.0,7.0,7.0,66.0
3,37.0,24645.0,17.0,1.0,2.0,8.0,16.0
5,71.0,79865.0,792.0,5.0,5.0,1.0,12.0
3,40.0,44322.0,92.0,3.0,3.0,8.0,30.0
0,73.0,47958.0,407.0,6.0,5.0,5.0,8.0
1,61.0,63972.0,1269.0,5.0,10.0,4.0,93.0
5,71.0,75315.0,841.0,5.0,12.0,2.0,14.0
0,75.0,55517.0,633.0,11.0,6.0,9.0,53.0
5,68.0,75283.0,1019.0,6.0,5.0,4.0,26.0
5,79.0,82800.0,1315.0,7.0,12.0,3.0,23.0
2,71.0,38998.0,54.0,2.0,3.0,8.0,92.0
5,34.0,90638.0,2525.0,3.0,10.0,1.0,29.0
3,39.0,27161.0,52.0,1.0,3.0,7.0,41.0
0,48.0,42014.0,436.0,7.0,6.0,8.0,56.0
2,65.0,38201.0,268.0,5.0,5.0,8.0,19.0
3,43.0,45203.0,147.0,3.0,3.0,6.0,4.0
1,78.0,81574.0,1798.0,4.0,8.0,1.0,89.0
3,33.0,34935.0,137.0,2.0,4.0,7.0,71.0
0,49.0,60482.0,507.0,7.0,7.0,7.0,81.0
2,69.0,34633.0,15.0,1.0,2.0,6.0,31.0
1,78.0,78093.0,1105.0,4.0,5.0,1.0,53.0
1,75.0,82460.0,974.0,5.0,6.0,1.0,78.0
2,59.0,45903.0,66.0,2.0,3.0,4.0,80.0
5,38.0,81361.0,778.0,3.0,13.0,1.0,18.0
3,52.0,35860.0,49.0,1.0,2.0,5.0,37.0
2,73.0,40442.0,169.0,3.0,4.0,7.0,52.0
5,60.0,61482.0,299.0,3.0,6.0,2.0,39.0
3,45.0,34968.0,221.0,3.0,5.0,7.0,11.0
5,38.0,75794.0,1682.0,7.0,12.0,3.0,33.0
3,63.0,31497.0,155.0,3.0,4.0,8.0,22.0
1,70.0,74268.0,892.0,4.0,5.0,2.0,83.0
3,37.0,13724.0,58.0,2.0,2.0,9.0,43.0
2,60.0,45143.0,311.0,6.0,5.0,7.0,74.0
2,58.0,52569.0,95.0,2.0,4.0,3.0,54.0
0,52.0,48432.0,424.0,7.0,6.0,8.0,3.0
2,65.0,17144.0,47.0,3.0,4.0,7.0,96.0
3,41.0,36108.0,339.0,7.0,4.0,9.0,68.0
5,54.0,76445.0,1410.0,2.0,13.0,6.0,2.0
3,50.0,36663.0,35.0,1.0,3.0,2.0,40.0
0,60.0,53843.0,562.0,8.0,3.0,7.0,64.0
5,69.0,90226.0,2352.0,4.0,12.0,2.0,26.0
1,70.0,70638.0,1334.0,4.0,10.0,3.0,69.0
2,65.0,44512.0,32.0,1.0,3.0,4.0,57.0
2,64.0,27116.0,41.0,2.0,3.0,7.0,78.0
2,62.0,54072.0,39.0,2.0,2.0,8.0,71.0
1,48.0,71855.0,1141.0,5.0,11.0,3.0,59.0
0,35.0,51250.0,710.0,10.0,4.0,9.0,28.0
0,52.0,60432.0,401.0,7.0,5.0,6.0,61.0
5,61.0,65526.0,506.0,4.0,8.0,2.0,22.0
1,37.0,68655.0,1538.0,4.0,11.0,3.0,95.0
3,47.0,12393.0,57.0,2.0,3.0,9.0,38.0
5,35.0,64509.0,1722.0,6.0,9.0,4.0,19.0
3,50.0,33955.0,270.0,5.0,5.0,8.0,92.0
3,48.0,31353.0,31.0,1.0,2.0,8.0,24.0
5,41.0,55434.0,882.0,5.0,13.0,4.0,21.0
3,42.0,28359.0,16.0,1.0,2.0,7.0,35.0
5,38.0,57100.0,311.0,3.0,7.0,3.0,9.0
5,60.0,69139.0,227.0,4.0,5.0,4.0,23.0
0,69.0,52973.0,1152.0,9.0,9.0,8.0,92.0
2,60.0,51717.0,122.0,3.0,4.0,7.0,55.0
3,54.0,18793.0,77.0,2.0,4.0,8.0,14.0
1,43.0,66664.0,1289.0,5.0,6.0,3.0,78.0
0,66.0,50664.0,561.0,8.0,6.0,9.0,64.0
2,62.0,54414.0,211.0,3.0,5.0,4.0,49.0
2,73.0,54549.0,233.0,5.0,4.0,7.0,8.0
0,54.0,47111.0,1092.0,3.0,10.0,9.0,35.0
0,62.0,41003.0,601.0,6.0,8.0,6.0,11.0
3,43.0,19444.0,54.0,4.0,2.0,7.0,8.0
3,49.0,36301.0,78.0,3.0,3.0,7.0,53.0
0,78.0,73059.0,1095.0,9.0,13.0,4.0,36.0
2,56.0,42731.0,244.0,4.0,5.0,5.0,64.0
2,66.0,52854.0,116.0,2.0,4.0,5.0,43.0
3,47.0,22775.0,15.0,1.0,2.0,8.0,40.0
2,77.0,46681.0,425.0,4.0,4.0,5.0,52.0
0,70.0,59821.0,734.0,11.0,7.0,8.0,11.0
0,71.0,50002.0,638.0,8.0,7.0,7.0,21.0
5,80.0,69755.0,894.0,3.0,12.0,1.0,23.0
3,56.0,44078.0,41.0,2.0,3.0,5.0,17.0
3,49.0,30560.0,31.0,1.0,3.0,7.0,6.0
2,56.0,35924.0,34.0,1.0,3.0,5.0,56.0
1,61.0,64140.0,1750.0,2.0,6.0,5.0,71.0
0,44.0,56386.0,612.0,9.0,7.0,9.0,51.0
3,46.0,24594.0,29.0,1.0,3.0,5.0,94.0
5,44.0,75774.0,823.0,7.0,8.0,4.0,27.0
2,65.0,39228.0,20.0,0.0,3.0,4.0,1.0
0,51.0,58494.0,396.0,6.0,6.0,6.0,56.0
1,44.0,58684.0,813.0,5.0,12.0,2.0,71.0
0,58.0,57136.0,1179.0,7.0,7.0,6.0,18.0
2,75.0,56551.0,138.0,2.0,4.0,4.0,48.0
3,43.0,22448.0,55.0,2.0,3.0,3.0,86.0
1,64.0,82014.0,1511.0,3.0,12.0,6.0,48.0
3,62.0,34213.0,117.0,3.0,2.0,9.0,2.0
5,48.0,157146.0,1730.0,0.0,0.0,1.0,13.0
2,78.0,25358.0,32.0,1.0,3.0,6.0,57.0
3,47.0,35544.0,67.0,2.0,3.0,7.0,77.0
2,71.0,36634.0,335.0,5.0,5.0,7.0,0.0
1,71.0,62670.0,825.0,5.0,13.0,3.0,57.0
0,53.0,50334.0,694.0,7.0,6.0,6.0,24.0
1,44.0,72066.0,1792.0,4.0,6.0,2.0,55.0
0,67.0,50729.0,496.0,6.0,7.0,6.0,62.0
2,57.0,34916.0,231.0,5.0,3.0,9.0,89.0
1,49.0,64892.0,902.0,6.0,12.0,4.0,77.0
2,59.0,43602.0,68.0,3.0,2.0,6.0,45.0
3,36.0,33996.0,71.0,1.0,3.0,4.0,46.0
3,40.0,41473.0,76.0,2.0,3.0,7.0,80.0
1,58.0,63246.0,772.0,6.0,12.0,4.0,60.0
2,66.0,36732.0,47.0,1.0,4.0,2.0,71.0
0,55.0,69084.0,1586.0,7.0,13.0,8.0,43.0
0,58.0,77766.0,1529.0,11.0,11.0,6.0,97.0
3,40.0,37929.0,265.0,4.0,5.0,7.0,49.0
1,74.0,86610.0,1603.0,5.0,6.0,2.0,66.0
5,39.0,80141.0,2091.0,7.0,10.0,6.0,20.0
1,70.0,72635.0,981.0,6.0,6.0,3.0,54.0
0,55.0,69016.0,1533.0,8.0,13.0,5.0,61.0
3,34.0,20193.0,82.0,1.0,4.0,4.0,18.0
3,50.0,27573.0,244.0,5.0,4.0,8.0,45.0
3,46.0,15862.0,36.0,1.0,3.0,8.0,26.0
0,49.0,49544.0,404.0,5.0,8.0,7.0,0.0
3,45.0,33228.0,71.0,2.0,3.0,7.0,28.0
5,47.0,70440.0,1572.0,5.0,7.0,3.0,49.0
2,54.0,38232.0,122.0,3.0,3.0,5.0,84.0
2,70.0,22554.0,41.0,2.0,4.0,5.0,38.0
3,42.0,23536.0,10.0,0.0,3.0,3.0,53.0
2,73.0,49413.0,304.0,4.0,5.0,5.0,88.0
2,56.0,42231.0,37.0,1.0,3.0,5.0,99.0
5,45.0,78789.0,1754.0,4.0,5.0,2.0,12.0
0,57.0,56534.0,815.0,10.0,7.0,8.0,35.0
0,54.0,58350.0,1001.0,8.0,12.0,6.0,5.0
1,36.0,81217.0,1157.0,3.0,11.0,1.0,77.0
0,74.0,49090.0,688.0,7.0,9.0,7.0,45.0
0,38.0,61787.0,1319.0,8.0,6.0,5.0,71.0
3,40.0,18169.0,21.0,1.0,2.0,8.0,40.0
3,44.0,24336.0,31.0,1.0,2.0,7.0,82.0
3,35.0,18222.0,67.0,2.0,3.0,8.0,70.0
1,73.0,62335.0,708.0,3.0,13.0,2.0,87.0
2,54.0,42033.0,25.0,1.0,2.0,7.0,95.0
1,42.0,86580.0,746.0,4.0,5.0,1.0,72.0
2,68.0,41437.0,32.0,1.0,3.0,7.0,5.0
1,74.0,73705.0,1695.0,9.0,8.0,5.0,86.0
0,49.0,61064.0,1080.0,8.0,11.0,6.0,80.0
2,70.0,38452.0,72.0,3.0,3.0,7.0,62.0
3,36.0,18358.0,57.0,3.0,4.0,7.0,49.0
0,52.0,55012.0,660.0,8.0,9.0,5.0,85.0
3,52.0,9722.0,103.0,3.0,3.0,8.0,7.0
3,41.0,38175.0,153.0,3.0,4.0,7.0,6.0
0,69.0,58656.0,1220.0,7.0,13.0,6.0,25.0
2,60.0,52117.0,279.0,5.0,4.0,7.0,55.0
0,47.0,64813.0,745.0,7.0,10.0,5.0,81.0
2,52.0,54222.0,264.0,3.0,5.0,3.0,98.0
5,39.0,83512.0,2157.0,4.0,10.0,1.0,31.0
0,66.0,77520.0,1526.0,8.0,7.0,4.0,30.0
2,47.0,41154.0,69.0,1.0,4.0,5.0,98.0
1,59.0,80398.0,1597.0,5.0,12.0,3.0,92.0
3,33.0,18746.0,64.0,3.0,3.0,6.0,41.0
3,41.0,35196.0,497.0,6.0,5.0,8.0,68.0
1,69.0,60230.0,1067.0,6.0,6.0,5.0,78.0
3,48.0,22108.0,31.0,2.0,3.0,7.0,46.0
3,51.0,44392.0,211.0,4.0,4.0,7.0,71.0
0,49.0,55424.0,877.0,7.0,9.0,6.0,6.0
3,46.0,17688.0,11.0,1.0,2.0,8.0,82.0
1,42.0,92491.0,2034.0,7.0,12.0,3.0,71.0
5,34.0,90273.0,1991.0,5.0,7.0,2.0,32.0
5,63.0,82571.0,1686.0,6.0,13.0,2.0,28.0
3,43.0,38513.0,324.0,6.0,5.0,8.0,20.0
3,46.0,16653.0,69.0,2.0,3.0,6.0,10.0
2,70.0,42586.0,252.0,4.0,6.0,8.0,7.0
2,60.0,23529.0,54.0,1.0,2.0,6.0,67.0
0,64.0,74881.0,964.0,9.0,12.0,5.0,48.0
1,74.0,71107.0,1327.0,7.0,13.0,4.0,61.0
2,61.0,46910.0,68.0,2.0,3.0,6.0,36.0
2,66.0,18690.0,60.0,1.0,2.0,8.0,77.0
2,70.0,37244.0,55.0,1.0,2.0,7.0,90.0
5,59.0,82427.0,1456.0,3.0,12.0,1.0,35.0
5,67.0,75342.0,563.0,5.0,10.0,4.0,38.0
0,71.0,70044.0,1504.0,7.0,5.0,5.0,46.0
0,58.0,79146.0,564.0,8.0,8.0,6.0,33.0
1,62.0,77437.0,1125.0,4.0,13.0,1.0,70.0
0,66.0,54984.0,358.0,6.0,6.0,7.0,51.0
3,54.0,42403.0,42.0,1.0,3.0,8.0,18.0
2,61.0,55761.0,184.0,4.0,3.0,6.0,97.0
3,42.0,37292.0,460.0,6.0,5.0,8.0,32.0
2,80.0,45576.0,145.0,3.0,3.0,8.0,9.0
5,78.0,70321.0,1376.0,6.0,13.0,4.0,6.0
0,56.0,58086.0,792.0,11.0,7.0,8.0,80.0
1,73.0,81795.0,1382.0,4.0,7.0,2.0,74.0
2,78.0,28389.0,28.0,1.0,2.0,7.0,49.0
5,79.0,66835.0,1033.0,6.0,13.0,2.0,21.0
1,56.0,69901.0,882.0,7.0,10.0,5.0,95.0
1,76.0,80360.0,2231.0,4.0,5.0,2.0,56.0
0,64.0,63342.0,1101.0,8.0,5.0,6.0,48.0
3,51.0,44989.0,369.0,5.0,5.0,6.0,26.0
3,45.0,31859.0,48.0,1.0,3.0,7.0,3.0
0,76.0,51569.0,467.0,7.0,7.0,8.0,39.0
3,54.0,30372.0,44.0,2.0,3.0,7.0,33.0
3,46.0,16014.0,38.0,1.0,4.0,3.0,42.0
2,57.0,41120.0,81.0,2.0,3.0,6.0,80.0
3,54.0,39763.0,167.0,5.0,2.0,9.0,9.0
2,70.0,38725.0,45.0,1.0,4.0,4.0,52.0
0,53.0,77981.0,664.0,7.0,7.0,5.0,78.0
0,61.0,62905.0,622.0,7.0,8.0,4.0,68.0
3,46.0,13533.0,48.0,2.0,3.0,7.0,45.0
5,50.0,59481.0,461.0,3.0,8.0,2.0,47.0
0,48.0,72117.0,1073.0,9.0,9.0,5.0,34.0
3,39.0,21955.0,55.0,2.0,3.0,6.0,81.0
0,69.0,67131.0,976.0,9.0,12.0,6.0,72.0
3,45.0,36802.0,20.0,1.0,3.0,5.0,23.0
5,43.0,71853.0,1149.0,2.0,6.0,1.0,29.0
2,64.0,28249.0,43.0,2.0,3.0,6.0,80.0
3,50.0,47808.0,224.0,3.0,3.0,7.0,30.0
3,51.0,25509.0,101.0,3.0,3.0,9.0,15.0
2,79.0,51012.0,209.0,4.0,4.0,6.0,86.0
1,40.0,70596.0,968.0,3.0,12.0,2.0,68.0
1,73.0,85431.0,1165.0,2.0,7.0,0.0,54.0
2,58.0,42664.0,24.0,1.0,3.0,6.0,44.0
2,70.0,42586.0,252.0,4.0,6.0,8.0,7.0
3,40.0,29760.0,165.0,3.0,4.0,8.0,87.0
3,48.0,28973.0,269.0,5.0,5.0,8.0,59.0
3,52.0,39435.0,102.0,3.0,2.0,7.0,16.0
5,41.0,65370.0,461.0,2.0,13.0,1.0,1.0
3,46.0,20194.0,47.0,2.0,3.0,6.0,64.0
3,49.0,42473.0,144.0,2.0,4.0,5.0,72.0
0,57.0,64590.0,1338.0,9.0,10.0,6.0,98.0
0,66.0,71232.0,917.0,11.0,10.0,7.0,91.0
3,54.0,34600.0,318.0,5.0,5.0,8.0,8.0
3,58.0,46904.0,253.0,5.0,4.0,8.0,20.0
0,52.0,49094.0,502.0,6.0,6.0,6.0,6.0
3,42.0,36075.0,119.0,2.0,4.0,6.0,54.0
1,46.0,60839.0,1250.0,2.0,12.0,8.0,72.0
5,46.0,77298.0,969.0,6.0,11.0,3.0,46.0
2,75.0,34026.0,76.0,2.0,3.0,5.0,11.0
2,62.0,48918.0,62.0,1.0,4.0,4.0,21.0
1,63.0,82122.0,1382.0,3.0,13.0,1.0,89.0
3,49.0,37697.0,84.0,2.0,3.0,6.0,82.0
2,73.0,34074.0,255.0,3.0,3.0,6.0,69.0
2,65.0,28520.0,43.0,1.0,2.0,6.0,55.0
5,70.0,62535.0,398.0,3.0,8.0,3.0,13.0
3,48.0,36273.0,76.0,3.0,3.0,6.0,80.0
1,61.0,63404.0,902.0,6.0,4.0,4.0,97.0
5,44.0,75774.0,823.0,7.0,8.0,4.0,27.0
1,49.0,78416.0,1179.0,7.0,10.0,3.0,99.0
0,51.0,75702.0,1921.0,10.0,13.0,6.0,87.0
2,74.0,59385.0,185.0,3.0,4.0,5.0,85.0
0,59.0,37070.0,433.0,5.0,8.0,7.0,30.0
2,74.0,44689.0,34.0,1.0,2.0,7.0,82.0
5,67.0,53977.0,907.0,5.0,12.0,5.0,21.0
0,59.0,7144.0,416.0,23.0,1.0,0.0,92.0
2,61.0,18701.0,44.0,2.0,4.0,5.0,95.0
5,69.0,90369.0,1588.0,4.0,6.0,1.0,2.0
1,51.0,63159.0,1797.0,3.0,8.0,3.0,74.0
3,59.0,37758.0,40.0,1.0,3.0,8.0,49.0
0,62.0,46757.0,1143.0,4.0,7.0,9.0,71.0
1,56.0,79734.0,914.0,4.0,6.0,1.0,72.0
3,33.0,63207.0,1502.0,2.0,6.0,7.0,68.0
5,71.0,72071.0,1338.0,5.0,8.0,2.0,4.0
3,42.0,21840.0,27.0,1.0,3.0,9.0,80.0
0,43.0,58582.0,763.0,9.0,9.0,5.0,15.0
0,74.0,72282.0,1331.0,5.0,9.0,7.0,70.0
0,69.0,50387.0,525.0,6.0,8.0,5.0,91.0
3,64.0,32583.0,9.0,1.0,2.0,7.0,10.0
1,63.0,62568.0,953.0,5.0,5.0,4.0,99.0
3,54.0,44635.0,68.0,2.0,3.0,7.0,25.0
3,54.0,33316.0,131.0,2.0,4.0,6.0,34.0
1,57.0,63967.0,882.0,4.0,12.0,2.0,57.0
0,47.0,52513.0,1149.0,9.0,9.0,7.0,84.0
3,56.0,25293.0,37.0,1.0,2.0,8.0,51.0
2,60.0,54111.0,388.0,5.0,6.0,5.0,97.0
5,39.0,78394.0,1428.0,4.0,5.0,2.0,13.0
1,67.0,80739.0,1633.0,3.0,9.0,1.0,92.0
3,50.0,22669.0,173.0,4.0,2.0,9.0,30.0
3,38.0,29236.0,99.0,4.0,3.0,9.0,30.0
2,66.0,44911.0,215.0,4.0,4.0,7.0,11.0
0,63.0,54693.0,929.0,6.0,13.0,6.0,72.0
3,51.0,48186.0,219.0,4.0,4.0,7.0,39.0
3,48.0,54809.0,174.0,2.0,5.0,4.0,0.0
3,47.0,41580.0,92.0,2.0,3.0,5.0,15.0
5,55.0,80336.0,1052.0,2.0,13.0,1.0,12.0
2,68.0,47743.0,275.0,4.0,6.0,6.0,56.0
0,70.0,62972.0,587.0,7.0,3.0,6.0,39.0
0,71.0,57333.0,1662.0,8.0,9.0,6.0,55.0
3,43.0,32313.0,159.0,4.0,4.0,9.0,60.0
1,72.0,84953.0,1024.0,3.0,4.0,2.0,73.0
2,57.0,27071.0,35.0,2.0,3.0,6.0,90.0
1,68.0,68148.0,1042.0,4.0,6.0,2.0,86.0
0,60.0,65735.0,395.0,6.0,6.0,7.0,37.0
5,50.0,86836.0,557.0,6.0,6.0,5.0,7.0
4,62.0,4023.0,9.0,0.0,0.0,19.0,29.0
3,35.0,30093.0,69.0,2.0,3.0,7.0,19.0
0,59.0,57705.0,486.0,8.0,6.0,6.0,14.0
3,37.0,25008.0,34.0,1.0,3.0,8.0,72.0
5,30.0,83257.0,1365.0,5.0,12.0,6.0,56.0
3,50.0,22280.0,13.0,1.0,2.0,8.0,85.0
1,47.0,72159.0,1401.0,4.0,10.0,2.0,62.0
5,64.0,64260.0,1574.0,4.0,4.0,3.0,1.0
5,41.0,82733.0,1323.0,8.0,7.0,4.0,28.0
0,54.0,74290.0,1217.0,10.0,10.0,6.0,70.0
2,74.0,58217.0,103.0,2.0,4.0,6.0,84.0
3,49.0,21024.0,84.0,2.0,4.0,7.0,89.0
1,53.0,70116.0,1536.0,2.0,12.0,1.0,73.0
0,40.0,54006.0,581.0,8.0,7.0,7.0,42.0
5,59.0,69063.0,928.0,5.0,5.0,3.0,16.0
3,50.0,11448.0,14.0,1.0,2.0,6.0,16.0
5,46.0,61825.0,424.0,4.0,8.0,4.0,56.0
1,54.0,70886.0,960.0,5.0,4.0,2.0,65.0
5,43.0,69109.0,1555.0,6.0,7.0,4.0,10.0
0,52.0,60208.0,656.0,8.0,7.0,7.0,13.0
2,57.0,32889.0,55.0,2.0,3.0,5.0,78.0
3,41.0,34738.0,20.0,1.0,3.0,6.0,51.0
0,54.0,30538.0,367.0,9.0,4.0,10.0,27.0
5,48.0,82326.0,2257.0,5.0,6.0,2.0,30.0
2,58.0,26642.0,42.0,2.0,3.0,6.0,71.0
1,61.0,69932.0,1049.0,7.0,11.0,4.0,97.0
2,53.0,44503.0,48.0,2.0,3.0,6.0,83.0
0,77.0,60200.0,685.0,6.0,11.0,6.0,3.0
2,73.0,49638.0,39.0,1.0,3.0,2.0,71.0
3,38.0,23830.0,43.0,1.0,3.0,7.0,3.0
0,66.0,33051.0,835.0,9.0,8.0,9.0,15.0
1,67.0,72905.0,1515.0,3.0,9.0,1.0,52.0
5,74.0,69702.0,1039.0,7.0,10.0,4.0,8.0
1,50.0,70300.0,1596.0,5.0,13.0,8.0,89.0
1,41.0,70643.0,1828.0,5.0,4.0,6.0,66.0
3,56.0,30396.0,34.0,1.0,2.0,7.0,22.0
2,57.0,50616.0,149.0,4.0,4.0,7.0,56.0
1,56.0,62772.0,946.0,5.0,11.0,2.0,74.0
3,40.0,30298.0,28.0,1.0,3.0,3.0,48.0
0,41.0,52413.0,450.0,7.0,7.0,7.0,67.0
2,68.0,44155.0,46.0,1.0,2.0,4.0,24.0
1,54.0,86979.0,1702.0,5.0,5.0,2.0,67.0
0,50.0,76532.0,820.0,9.0,7.0,5.0,38.0
3,43.0,42081.0,382.0,6.0,4.0,6.0,86.0
1,37.0,67546.0,2126.0,4.0,5.0,3.0,90.0
1,36.0,88420.0,2069.0,4.0,8.0,1.0,87.0
3,40.0,31158.0,72.0,2.0,3.0,8.0,62.0
0,57.0,61671.0,732.0,10.0,6.0,8.0,23.0
1,51.0,69719.0,801.0,2.0,5.0,1.0,99.0
2,76.0,49160.0,236.0,3.0,6.0,6.0,29.0
3,47.0,24882.0,80.0,1.0,2.0,6.0,52.0
1,71.0,90933.0,1685.0,4.0,4.0,1.0,90.0
0,80.0,113734.0,277.0,27.0,0.0,1.0,9.0
1,75.0,59292.0,507.0,3.0,8.0,3.0,71.0
3,61.0,45759.0,68.0,2.0,3.0,7.0,13.0
3,42.0,22148.0,49.0,1.0,3.0,7.0,16.0
1,38.0,73395.0,397.0,4.0,6.0,2.0,94.0
2,54.0,29819.0,39.0,3.0,3.0,6.0,77.0
5,57.0,45688.0,306.0,3.0,8.0,4.0,20.0
1,71.0,62820.0,976.0,3.0,6.0,1.0,51.0
1,54.0,60491.0,1028.0,6.0,7.0,5.0,81.0
3,39.0,33235.0,70.0,3.0,3.0,7.0,71.0
2,66.0,35701.0,46.0,1.0,3.0,6.0,36.0
3,45.0,31535.0,51.0,1.0,2.0,7.0,95.0
5,65.0,92556.0,1263.0,3.0,13.0,0.0,32.0
0,55.0,67384.0,1490.0,7.0,5.0,5.0,32.0
1,54.0,80573.0,1564.0,4.0,13.0,2.0,85.0
1,58.0,77870.0,1815.0,5.0,5.0,8.0,93.0
0,62.0,52278.0,1198.0,10.0,10.0,8.0,24.0
0,57.0,57107.0,416.0,4.0,8.0,8.0,44.0
3,35.0,18929.0,85.0,1.0,4.0,6.0,15.0
3,44.0,36038.0,47.0,3.0,3.0,6.0,82.0
3,49.0,20180.0,137.0,2.0,4.0,7.0,27.0
2,60.0,34230.0,21.0,1.0,2.0,7.0,72.0
3,48.0,31878.0,70.0,1.0,4.0,3.0,7.0
1,53.0,70932.0,909.0,6.0,12.0,3.0,57.0
1,69.0,91249.0,1676.0,7.0,6.0,4.0,84.0
1,82.0,77598.0,1735.0,7.0,13.0,3.0,53.0
0,66.0,80982.0,1191.0,11.0,11.0,5.0,48.0
3,48.0,22701.0,24.0,1.0,3.0,5.0,2.0
0,56.0,55212.0,1182.0,4.0,11.0,8.0,65.0
5,55.0,70617.0,1280.0,3.0,7.0,2.0,45.0
0,68.0,64849.0,1336.0,9.0,6.0,5.0,42.0
0,60.0,62694.0,749.0,9.0,7.0,7.0,29.0
2,51.0,61917.0,91.0,2.0,4.0,5.0,83.0
1,78.0,67472.0,414.0,4.0,7.0,3.0,93.0
3,43.0,21059.0,44.0,3.0,3.0,6.0,40.0
3,57.0,29543.0,63.0,3.0,2.0,7.0,47.0
1,74.0,75903.0,901.0,6.0,9.0,3.0,50.0
3,50.0,34984.0,38.0,1.0,3.0,7.0,40.0
5,69.0,54998.0,455.0,4.0,9.0,4.0,3.0
0,76.0,54356.0,775.0,11.0,8.0,8.0,62.0
2,66.0,34242.0,15.0,0.0,3.0,5.0,25.0
3,52.0,25410.0,38.0,1.0,4.0,4.0,48.0
1,41.0,73356.0,1512.0,5.0,5.0,2.0,56.0
2,75.0,28320.0,43.0,1.0,3.0,8.0,68.0
3,48.0,23763.0,42.0,1.0,3.0,7.0,64.0
1,41.0,72570.0,1089.0,4.0,12.0,1.0,67.0
3,49.0,34529.0,162.0,2.0,3.0,7.0,94.0
1,74.0,70792.0,1272.0,3.0,10.0,3.0,82.0
5,43.0,63211.0,1173.0,3.0,7.0,2.0,3.0
5,51.0,83891.0,816.0,4.0,10.0,1.0,24.0
3,57.0,36065.0,74.0,3.0,3.0,8.0,54.0
2,71.0,39898.0,134.0,3.0,4.0,7.0,20.0
2,85.0,51141.0,157.0,3.0,4.0,5.0,96.0
5,49.0,56939.0,561.0,3.0,10.0,3.0,19.0
1,74.0,80872.0,1336.0,4.0,10.0,1.0,60.0
0,49.0,72335.0,2092.0,10.0,8.0,8.0,2.0
5,61.0,61798.0,463.0,4.0,9.0,4.0,13.0
1,75.0,76842.0,1130.0,1.0,7.0,0.0,37.0
3,49.0,29478.0,20.0,1.0,3.0,6.0,59.0
2,69.0,46998.0,377.0,5.0,5.0,7.0,55.0
1,35.0,96843.0,1544.0,6.0,10.0,2.0,60.0
2,75.0,56551.0,138.0,2.0,4.0,4.0,48.0
0,60.0,70053.0,1012.0,8.0,10.0,5.0,38.0
5,63.0,71670.0,1766.0,5.0,6.0,6.0,8.0
3,47.0,44359.0,45.0,2.0,4.0,3.0,19.0
2,73.0,40887.0,161.0,3.0,3.0,9.0,32.0
3,59.0,48877.0,144.0,3.0,4.0,7.0,27.0
1,78.0,74485.0,1734.0,6.0,12.0,3.0,58.0
0,53.0,64474.0,823.0,8.0,10.0,5.0,59.0
5,62.0,77226.0,1138.0,6.0,12.0,3.0,29.0
1,76.0,72643.0,1429.0,3.0,7.0,2.0,60.0
5,47.0,85738.0,1371.0,3.0,11.0,1.0,41.0
5,59.0,55686.0,982.0,6.0,5.0,4.0,27.0
3,42.0,39062.0,44.0,1.0,3.0,4.0,28.0
3,54.0,34600.0,318.0,5.0,5.0,8.0,8.0
3,50.0,40794.0,434.0,6.0,5.0,7.0,18.0
2,54.0,54690.0,198.0,3.0,5.0,3.0,76.0
0,56.0,4428.0,359.0,25.0,0.0,1.0,0.0
2,62.0,32632.0,576.0,4.0,8.0,5.0,32.0
3,57.0,38236.0,88.0,3.0,4.0,7.0,2.0
3,46.0,36781.0,63.0,2.0,2.0,8.0,16.0
3,41.0,31385.0,27.0,1.0,2.0,8.0,56.0
3,41.0,24570.0,193.0,4.0,4.0,9.0,97.0
3,51.0,25509.0,101.0,3.0,3.0,9.0,15.0
1,74.0,94642.0,2211.0,5.0,9.0,1.0,35.0
2,63.0,58646.0,140.0,2.0,4.0,4.0,3.0
0,50.0,53201.0,415.0,6.0,5.0,7.0,49.0
2,68.0,21994.0,22.0,0.0,3.0,5.0,4.0
3,47.0,57113.0,263.0,4.0,5.0,7.0,45.0
3,34.0,51373.0,393.0,3.0,3.0,4.0,37.0
3,39.0,23477.0,147.0,3.0,4.0,8.0,39.0
5,69.0,58116.0,443.0,3.0,8.0,2.0,38.0
5,62.0,72968.0,1958.0,5.0,8.0,3.0,8.0
2,54.0,39791.0,174.0,3.0,4.0,7.0,89.0
1,78.0,91712.0,2217.0,9.0,11.0,3.0,47.0
1,67.0,94472.0,1691.0,5.0,5.0,5.0,75.0
2,65.0,13672.0,25.0,1.0,3.0,8.0,86.0
5,45.0,96547.0,809.0,7.0,8.0,2.0,4.0
1,50.0,79205.0,895.0,6.0,4.0,4.0,73.0
5,50.0,56559.0,484.0,4.0,8.0,4.0,46.0
0,52.0,32644.0,413.0,7.0,6.0,8.0,38.0
1,45.0,67506.0,331.0,4.0,6.0,3.0,73.0
3,55.0,24206.0,25.0,1.0,3.0,6.0,66.0
3,58.0,28420.0,13.0,1.0,2.0,6.0,36.0
3,55.0,22979.0,115.0,3.0,2.0,8.0,29.0
2,59.0,33279.0,16.0,0.0,3.0,3.0,29.0
3,53.0,46423.0,92.0,2.0,4.0,7.0,6.0
3,48.0,30368.0,52.0,2.0,3.0,8.0,97.0
0,55.0,63684.0,1464.0,8.0,8.0,5.0,61.0
2,61.0,41638.0,441.0,5.0,3.0,8.0,68.0
1,66.0,68805.0,283.0,3.0,7.0,2.0,73.0
0,59.0,65814.0,747.0,8.0,10.0,5.0,90.0
1,67.0,71964.0,1870.0,5.0,5.0,3.0,81.0
3,39.0,39146.0,165.0,4.0,4.0,8.0,1.0
1,48.0,96876.0,1941.0,7.0,9.0,2.0,79.0
0,44.0,34445.0,839.0,11.0,8.0,9.0,92.0
5,67.0,68281.0,1655.0,2.0,13.0,5.0,31.0
3,50.0,37284.0,23.0,0.0,3.0,6.0,46.0
3,42.0,36790.0,66.0,2.0,2.0,9.0,14.0
2,58.0,27943.0,37.0,2.0,3.0,8.0,89.0
2,74.0,22263.0,21.0,1.0,3.0,6.0,31.0
3,53.0,30261.0,22.0,0.0,3.0,8.0,75.0
3,47.0,28587.0,78.0,2.0,4.0,6.0,42.0
3,43.0,43815.0,79.0,2.0,3.0,6.0,53.0
2,69.0,48195.0,265.0,4.0,5.0,6.0,53.0
0,73.0,77027.0,1175.0,8.0,6.0,4.0,23.0
1,60.0,71322.0,1305.0,8.0,13.0,4.0,57.0
3,46.0,32765.0,46.0,2.0,4.0,5.0,49.0
3,60.0,29672.0,25.0,0.0,3.0,6.0,6.0
2,72.0,23272.0,46.0,1.0,3.0,4.0,29.0
0,76.0,49912.0,874.0,10.0,7.0,8.0,5.0
3,40.0,7500.0,100.0,2.0,3.0,9.0,98.0
0,78.0,68117.0,930.0,11.0,4.0,6.0,80.0
0,70.0,67225.0,868.0,7.0,11.0,5.0,4.0
3,49.0,17649.0,45.0,3.0,3.0,8.0,70.0
0,50.0,55914.0,1260.0,11.0,8.0,7.0,32.0
3,41.0,40059.0,414.0,6.0,3.0,8.0,82.0
5,75.0,60905.0,392.0,3.0,7.0,2.0,27.0
0,48.0,75330.0,1109.0,10.0,12.0,6.0,94.0
5,74.0,60689.0,639.0,4.0,10.0,3.0,23.0
3,41.0,38680.0,79.0,2.0,3.0,7.0,97.0
0,43.0,61416.0,1665.0,10.0,10.0,6.0,25.0
1,34.0,49767.0,692.0,5.0,8.0,4.0,92.0
1,55.0,83273.0,1392.0,4.0,9.0,7.0,98.0
3,44.0,29009.0,44.0,2.0,3.0,6.0,19.0
3,46.0,45057.0,50.0,2.0,3.0,5.0,80.0
2,54.0,37150.0,467.0,4.0,6.0,7.0,80.0
2,55.0,43020.0,223.0,4.0,4.0,6.0,79.0
2,66.0,53154.0,158.0,3.0,4.0,4.0,50.0
1,52.0,65308.0,1211.0,7.0,12.0,4.0,60.0
5,55.0,76467.0,1575.0,2.0,5.0,6.0,44.0
5,78.0,81044.0,1208.0,5.0,10.0,1.0,0.0
2,74.0,32871.0,43.0,1.0,3.0,4.0,28.0
0,50.0,55801.0,527.0,7.0,6.0,7.0,35.0
1,66.0,76320.0,932.0,6.0,4.0,2.0,49.0
2,70.0,36927.0,71.0,3.0,3.0,8.0,46.0
2,72.0,48794.0,54.0,1.0,3.0,4.0,97.0
3,60.0,23478.0,129.0,3.0,3.0,8.0,51.0
1,52.0,71128.0,1615.0,2.0,12.0,7.0,80.0
5,49.0,70179.0,1034.0,7.0,13.0,5.0,10.0
0,75.0,59462.0,1088.0,9.0,12.0,7.0,29.0
2,56.0,38361.0,137.0,3.0,3.0,7.0,74.0
5,43.0,70038.0,1244.0,4.0,8.0,2.0,54.0
2,47.0,42554.0,41.0,2.0,3.0,4.0,93.0
0,51.0,67445.0,1174.0,9.0,12.0,6.0,63.0
1,74.0,67046.0,993.0,4.0,4.0,2.0,92.0
2,77.0,42192.0,100.0,2.0,3.0,4.0,40.0
1,73.0,77610.0,1680.0,4.0,4.0,7.0,70.0
3,41.0,31761.0,98.0,3.0,4.0,5.0,96.0
3,46.0,34350.0,48.0,1.0,3.0,7.0,81.0
0,76.0,54591.0,519.0,6.0,8.0,5.0,63.0
1,69.0,71866.0,715.0,6.0,10.0,3.0,85.0
3,56.0,25293.0,37.0,1.0,2.0,8.0,51.0
5,38.0,42000.0,653.0,5.0,11.0,5.0,23.0
0,42.0,69520.0,1455.0,9.0,5.0,5.0,95.0
5,55.0,64713.0,602.0,5.0,7.0,4.0,11.0
3,48.0,27889.0,26.0,1.0,2.0,6.0,42.0
2,65.0,22123.0,102.0,2.0,3.0,5.0,77.0
3,52.0,27803.0,176.0,3.0,4.0,8.0,40.0
0,65.0,51651.0,433.0,6.0,5.0,8.0,32.0
5,37.0,68487.0,1366.0,9.0,13.0,4.0,48.0
0,56.0,56796.0,1001.0,8.0,7.0,7.0,24.0
5,33.0,87000.0,961.0,4.0,7.0,2.0,61.0
5,66.0,79823.0,1518.0,6.0,7.0,2.0,6.0
3,45.0,30828.0,56.0,1.0,4.0,3.0,16.0
3,54.0,34109.0,22.0,0.0,3.0,4.0,39.0
0,51.0,53367.0,400.0,5.0,8.0,7.0,2.0
3,56.0,22390.0,26.0,1.0,2.0,7.0,49.0
5,49.0,71322.0,350.0,4.0,7.0,2.0,31.0
5,32.0,79244.0,1216.0,4.0,7.0,1.0,58.0
0,76.0,49912.0,874.0,10.0,7.0,8.0,5.0
2,75.0,48699.0,40.0,1.0,3.0,5.0,90.0
5,50.0,80144.0,1367.0,3.0,8.0,1.0,47.0
2,69.0,54252.0,264.0,4.0,5.0,6.0,25.0
1,49.0,81929.0,2053.0,4.0,10.0,6.0,60.0
1,50.0,76068.0,1376.0,2.0,4.0,6.0,67.0
3,49.0,53204.0,45.0,1.0,3.0,4.0,40.0
1,76.0,67911.0,976.0,6.0,11.0,3.0,63.0
3,41.0,14796.0,51.0,1.0,3.0,9.0,1.0
1,51.0,78128.0,1264.0,8.0,6.0,3.0,89.0
3,53.0,14188.0,75.0,2.0,4.0,6.0,40.0
3,39.0,20425.0,57.0,2.0,3.0,7.0,5.0
2,63.0,58646.0,140.0,2.0,4.0,4.0,3.0
5,55.0,72967.0,497.0,7.0,8.0,5.0,1.0
2,76.0,48150.0,266.0,5.0,4.0,7.0,24.0
1,64.0,82332.0,2006.0,5.0,12.0,2.0,89.0
0,70.0,58275.0,615.0,8.0,7.0,7.0,48.0
0,44.0,44953.0,1021.0,7.0,13.0,6.0,31.0
2,72.0,34587.0,22.0,1.0,3.0,4.0,68.0
3,51.0,43018.0,133.0,2.0,2.0,5.0,46.0
0,71.0,45736.0,437.0,7.0,6.0,7.0,92.0
1,56.0,66476.0,1013.0,6.0,10.0,4.0,80.0
3,44.0,27733.0,57.0,2.0,3.0,7.0,16.0
1,73.0,69805.0,1038.0,6.0,11.0,2.0,50.0
1,63.0,72217.0,1573.0,3.0,8.0,2.0,93.0
3,54.0,25818.0,28.0,0.0,2.0,7.0,51.0
3,49.0,37509.0,123.0,3.0,4.0,7.0,24.0
3,49.0,25176.0,13.0,1.0,2.0,7.0,79.0
3,45.0,43586.0,132.0,3.0,4.0,8.0,26.0
1,69.0,53230.0,732.0,5.0,12.0,5.0,86.0
2,68.0,50116.0,66.0,1.0,4.0,5.0,68.0
1,53.0,84906.0,1631.0,5.0,12.0,2.0,98.0
0,59.0,61286.0,608.0,7.0,8.0,5.0,34.0
1,39.0,82333.0,1822.0,4.0,10.0,2.0,60.0
0,60.0,65220.0,1282.0,8.0,7.0,6.0,3.0
3,51.0,33590.0,8.0,1.0,2.0,7.0,65.0
3,49.0,30992.0,43.0,1.0,3.0,7.0,83.0
1,49.0,72309.0,1931.0,5.0,8.0,3.0,64.0
1,76.0,156924.0,8.0,0.0,0.0,0.0,85.0
3,45.0,16005.0,103.0,2.0,2.0,8.0,69.0
1,68.0,65487.0,1169.0,3.0,6.0,2.0,48.0
0,60.0,58692.0,395.0,8.0,4.0,7.0,21.0
3,56.0,40590.0,258.0,3.0,3.0,6.0,30.0
3,55.0,20587.0,25.0,1.0,2.0,7.0,39.0
2,71.0,62637.0,185.0,2.0,5.0,2.0,76.0
3,59.0,29435.0,180.0,3.0,2.0,9.0,11.0
3,51.0,19346.0,22.0,1.0,3.0,8.0,26.0
3,54.0,35788.0,44.0,2.0,3.0,6.0,34.0
2,57.0,36997.0,94.0,2.0,4.0,5.0,72.0
2,68.0,23539.0,81.0,2.0,4.0,6.0,13.0
0,52.0,65333.0,798.0,9.0,8.0,6.0,58.0
0,68.0,78499.0,1334.0,11.0,4.0,4.0,12.0
3,54.0,29732.0,38.0,2.0,2.0,9.0,23.0
2,65.0,41275.0,61.0,3.0,3.0,5.0,33.0
5,52.0,63516.0,300.0,4.0,7.0,5.0,30.0
2,63.0,42769.0,88.0,1.0,4.0,4.0,15.0
2,67.0,49572.0,54.0,2.0,3.0,7.0,25.0
5,53.0,69209.0,1782.0,5.0,6.0,4.0,4.0
3,49.0,17148.0,68.0,3.0,3.0,8.0,80.0
3,56.0,40590.0,258.0,3.0,3.0,6.0,30.0
3,49.0,30560.0,31.0,1.0,3.0,7.0,6.0
3,42.0,32146.0,66.0,2.0,4.0,6.0,16.0
2,61.0,41713.0,174.0,3.0,4.0,6.0,57.0
3,50.0,34176.0,28.0,1.0,3.0,3.0,9.0
0,70.0,58482.0,731.0,7.0,9.0,6.0,59.0
2,60.0,59686.0,274.0,4.0,6.0,4.0,78.0
0,61.0,60896.0,1701.0,9.0,4.0,6.0,90.0
3,45.0,62994.0,312.0,6.0,4.0,6.0,74.0
0,68.0,47320.0,414.0,5.0,8.0,6.0,10.0
1,76.0,74859.0,1565.0,6.0,11.0,3.0,63.0
3,33.0,15253.0,29.0,1.0,3.0,7.0,13.0
3,51.0,31560.0,94.0,2.0,3.0,8.0,98.0
5,71.0,72071.0,1338.0,5.0,8.0,2.0,4.0
1,35.0,91172.0,1092.0,4.0,7.0,3.0,94.0
1,41.0,90000.0,1479.0,4.0,5.0,1.0,91.0
3,44.0,41967.0,54.0,1.0,3.0,4.0,66.0
0,60.0,69263.0,568.0,9.0,7.0,6.0,14.0
0,55.0,65706.0,1199.0,11.0,12.0,7.0,77.0
5,50.0,60934.0,873.0,6.0,11.0,4.0,41.0
5,74.0,71965.0,1213.0,6.0,5.0,3.0,21.0
0,70.0,65210.0,731.0,9.0,8.0,6.0,25.0
5,50.0,79174.0,2043.0,5.0,7.0,2.0,2.0
1,58.0,81380.0,1893.0,4.0,10.0,2.0,51.0
0,52.0,48432.0,424.0,7.0,6.0,8.0,3.0
0,54.0,52914.0,575.0,7.0,3.0,7.0,32.0
2,70.0,38946.0,257.0,3.0,6.0,5.0,84.0
3,51.0,26067.0,56.0,3.0,3.0,8.0,49.0
0,53.0,44325.0,542.0,8.0,7.0,8.0,69.0
2,61.0,42523.0,125.0,1.0,4.0,2.0,96.0
3,47.0,26487.0,69.0,2.0,3.0,5.0,23.0
2,68.0,53233.0,40.0,1.0,3.0,4.0,18.0
5,65.0,67716.0,1016.0,7.0,13.0,5.0,8.0
5,53.0,76234.0,907.0,8.0,11.0,3.0,21.0
1,69.0,84117.0,1566.0,7.0,6.0,2.0,60.0
1,68.0,65487.0,1169.0,3.0,6.0,2.0,48.0
3,53.0,25224.0,46.0,1.0,3.0,3.0,36.0
5,42.0,89616.0,1644.0,7.0,12.0,2.0,36.0
3,54.0,40851.0,59.0,1.0,2.0,7.0,63.0
2,78.0,27469.0,17.0,0.0,3.0,6.0,2.0
1,68.0,82347.0,1853.0,7.0,10.0,3.0,38.0
0,68.0,73803.0,1528.0,9.0,6.0,6.0,61.0
2,73.0,8820.0,35.0,3.0,3.0,8.0,52.0
3,51.0,43322.0,141.0,3.0,4.0,7.0,25.0
2,52.0,55593.0,546.0,6.0,3.0,6.0,63.0
2,71.0,50501.0,500.0,5.0,4.0,6.0,10.0
3,50.0,37085.0,61.0,3.0,3.0,8.0,65.0
3,35.0,16185.0,106.0,2.0,2.0,8.0,71.0
0,56.0,57731.0,704.0,8.0,6.0,6.0,0.0
0,52.0,48432.0,424.0,7.0,6.0,8.0,3.0
1,47.0,73807.0,849.0,5.0,11.0,2.0,88.0
3,35.0,18929.0,85.0,1.0,4.0,6.0,15.0
2,57.0,35893.0,199.0,3.0,5.0,8.0,80.0
0,45.0,61014.0,1147.0,9.0,4.0,7.0,17.0
2,71.0,32144.0,54.0,2.0,3.0,7.0,76.0
2,62.0,14918.0,43.0,1.0,3.0,6.0,52.0
2,62.0,45146.0,53.0,1.0,2.0,4.0,28.0
0,70.0,41769.0,521.0,8.0,7.0,8.0,31.0
5,44.0,88325.0,1623.0,6.0,9.0,2.0,42.0
2,75.0,38054.0,45.0,2.0,3.0,7.0,24.0
5,30.0,80617.0,1435.0,4.0,8.0,2.0,42.0
4,49.0,5305.0,32.0,1.0,0.0,13.0,12.0
2,71.0,36807.0,16.0,1.0,2.0,6.0,88.0
3,42.0,28427.0,52.0,2.0,3.0,8.0,67.0
1,77.0,82032.0,1234.0,4.0,7.0,1.0,54.0
3,47.0,22775.0,15.0,1.0,2.0,8.0,40.0
3,40.0,40101.0,415.0,6.0,6.0,7.0,73.0
1,46.0,58025.0,470.0,3.0,10.0,4.0,81.0
5,43.0,75777.0,1438.0,3.0,11.0,1.0,12.0
3,46.0,7500.0,53.0,3.0,2.0,7.0,7.0
2,62.0,33562.0,51.0,2.0,4.0,4.0,33.0
0,55.0,57642.0,679.0,7.0,6.0,4.0,24.0
0,57.0,58554.0,586.0,8.0,6.0,7.0,55.0
0,46.0,63777.0,653.0,11.0,6.0,8.0,87.0
0,63.0,57967.0,468.0,4.0,8.0,5.0,39.0
3,53.0,24434.0,50.0,2.0,2.0,7.0,9.0
3,41.0,11012.0,84.0,3.0,2.0,9.0,82.0
0,55.0,44802.0,1049.0,9.0,12.0,8.0,71.0
3,39.0,26816.0,22.0,0.0,3.0,4.0,50.0
1,48.0,666666.0,62.0,3.0,3.0,6.0,23.0
3,51.0,34421.0,30.0,1.0,2.0,7.0,81.0
0,58.0,61223.0,1341.0,9.0,4.0,5.0,46.0
0,79.0,64014.0,444.0,8.0,5.0,7.0,56.0
1,44.0,56981.0,1241.0,2.0,13.0,6.0,91.0
5,69.0,69245.0,843.0,6.0,10.0,3.0,8.0
2,71.0,52869.0,172.0,3.0,4.0,7.0,40.0
